#NEW_CODE	OLD_CODE	NUM_CODE	NAME	TICKETING_NAME	CODE
NULL	*A	0	STAR ALLIANCE	NULL	*A
NULL	*O	0	ONEWORLD	NULL	*O
NULL	*Q	0	THE QUALIFLYER GROUP	NULL	*Q
NULL	*S	0	SKYTEAM	NULL	*S
NULL	0A	0	UNDEFINED	NULL	0A
NULL	0B	0	UNDEFINED	NULL	0B
NULL	0C	0	CATOVAIR	CATOVAIR	0C
DWT	0D	779	DARWIN AIRLINE	DARWIN	0D
XYS	0E	0	AMADEUS PDF 0E	NULL	0E
NULL	0F	0	UNDEFINED	NULL	0F
NULL	0G	0	GHADAMES AIR TRANSPORT	NULL	0G
NULL	0H	0	UNDEFINED	NULL	0H
NULL	0I	0	UNDEFINED	NULL	0I
NULL	0J	0	UNDEFINED	NULL	0J
KRT	0K	0	AIRCOMPANY KOKSHETAU	NULL	0K
NULL	0L	0	UNDEFINED	NULL	0L
NULL	0M	0	UNDEFINED	NULL	0M
NULL	0N	0	UNDEFINED	NULL	0N
NULL	0O	0	STA TRAVEL	STA TRAVEL	0O
NULL	0P	840	PALAU ASIA PACIFIC AIR	NULL	0P
NULL	0Q	0	UNDEFINED	NULL	0Q
NULL	0R	0	UNDEFINED	NULL	0R
NULL	0S	0	UNDEFINED	NULL	0S
NULL	0T	0	UNDEFINED	NULL	0T
NULL	0U	0	UNDEFINED	NULL	0U
NULL	0V	368	VIETNAM AIR SERVICE	NULL	0V
NULL	0W	0	W CARIBBEAN COSTA RICA	NULL	0W
NULL	0X	0	UNDEFINED	NULL	0X
NULL	0Z	0	UNDEFINED	NULL	0Z
AGT	1A	790	AMADEUS	AMADEUS	1A
NULL	1B	0	ABACUS	ABACUS	1B
NULL	1C	0	EDS INFORMATION BUSINESS	GEMINI	1C
NULL	1D	0	RADDIX SOLUTIONS INTL	NULL	1D
NULL	1E	252	TRAVELSKY TECHNOLOGY LTD	CIVIL CHINA	1E
TTF	1F	788	INFINI TRAVEL INFORMATIO	INFINI TRAVEL	1F
NULL	1G	0	TRAVELPORT GLOBAL DISTRIBUTION	GALILEO	1G
NULL	1H	446	SIRENA-TRAVEL	NULL	1H
NULL	1I	0	NETJETS AVIATION	NULL	1I
NULL	1J	0	AXESS INTERNATIONAL	AXESS INTL	1J
NULL	1K	0	SUTRA INC.	SOUTHERN	1K
NULL	1L	0	NAVITAIRE OPEN SKIES	NULL	1L
NULL	1M	0	SIRENA JSC	SERTEL	1M
NULL	1N	892	NAVITAIRE NEW SKIES	NULL	1N
NULL	1O	0	PHOENIX SYSTEMS DERTOURS	NULL	1O
WSP	1P	523	WORLDSPAN	WORLDSPAN	1P
NULL	1Q	0	JOINT-STOCK COMPANY.ITAL	NULL	1Q
NULL	1R	0	BIRD INFORMATION SYSTEMS	NULL	1R
NULL	1S	0	SABRE	SABRE	1S
NULL	1T	0	EAST-LINE JSC	NULL	1T
NULL	1U	0	ITA SOFTWARE	NULL	1U
NULL	1V	588	GALILEO INTERNATIONAL	COVIA	1V
NULL	1W	0	SABRE	SABRE	1W
NULL	1X	0	BRANSON AIR	GABRIEL	1X
NULL	1Y	0	ELECTRONIC DATA SYSTEMS	NULL	1Y
APD	1Z	0	FANTASIA INFO NETWORK LT	ASIA PACIFIC	1Z
DBB	2A	0	DEUTSCHE BAHN AG	DEUTSCHE BAHN	2A
NULL	2B	441	AK BARS AERO	AK BARS AERO	2B
NULL	2C	0	SNCF	NULL	2C
NULL	2D	0	AMADEUS PDF 2D	NULL	2D
EIX	2E	0	SMOKEY BAY AIR	EI AIR EXPORT	2E
FTA	2F	517	FRONTIER FLYING SERVICE	FRONTIER	2F
NULL	2G	0	NORTHWEST SEAPLANES	NULL	2G
NULL	2H	56	THALYS INTERNATIONAL	NULL	2H
SRU	2I	156	STAR PERU	NULL	2I
VBW	2J	226	AIR BURKINA	AIR BURKINA	2J
GLG	2K	547	AEROLINEAS GALAPAGOS	AEROGAL	2K
OAW	2L	102	HELVETIC AIRWAYS	2L/HELVETIC	2L
MDV	2M	860	MOLDAVIAN AIRLINES	MOLDAVIAN AIR	2M
NTJ	2N	121	NEXTJET	NEXTJET	2N
RNE	2O	0	REDEMPTION	NULL	2O
GAP	2P	0	AIR PHILIPPINES	AIR PHILIPPIN	2P
ETS	2Q	0	AVITRANS NORDIC	NULL	2Q
VRR	2R	830	VIA RAIL CANADA INC	VIA RAIL	2R
NULL	2S	0	SUNNY AIRWAYS	ISLAND EXP	2S
ANH	2T	311	ALAJNIHAH AIR TRANSPORT	NULL	2T
ERO	2U	383	ERO SUN D'OR	SUN D OR	2U
NULL	2V	554	AMTRAK	AMTRAK	2V
NULL	2W	227	WELCOME AIR	NULL	2W
XYA	2X	799	AMADEUS TWO	AMADEUS TWO	2X
NULL	2Y	0	AMADEUS PDF 2Y	AIR ANDAMAN	2Y
TTA	2Z	0	TTA	NULL	2Z
NULL	3A	28	CHU KONG PASSENGER TRANSPORT	MAFIRA AIR	3A
JBR	3B	0	JOB AIR	JOB AIR	3B
NULL	3C	310	REGIONSAIR	CORPORATE EXP	3C
NULL	3D	0	DOKASCH	DENIM AIR	3D
OMQ	3E	0	MULTI AERO	AIR BRETAGNE	3E
NULL	3F	0	PACIFIC AIRWAYS	NULL	3F
NULL	3G	0	GAMBIA BIRD	NULL	3G
AIE	3H	466	AIR INUIT	AIR INUIT	3H
LFM	3I	0	AIRLIFT SERVICE	VIRGIN AUSTRA	3I
JBW	3J	535	JUBBA AIRWAYS (KENYA)	ZIP AIR	3J
JSA	3K	375	JETSTAR ASIA	JETSTAR ASIA	3K
ISK	3L	222	INTERSKY LUFTFAHRT	 INTERSKY	3L
GFT	3M	449	VPAA	VPAA	3M
URG	3N	746	AIR URGA	AIRVANTAGE	3N
NULL	3O	452	AIR ARABIA MAROC	NULL	3O
NULL	3P	253	TIARA AIR ARUBA	TIARA AIR	3P
NULL	3Q	0	CARIB AVIATION LIMITED	YUNNAN AIR	3Q
NULL	3R	0	MOSKOVIA AIRLINES JSC	GROMOVAIRLINE	3R
NULL	3S	875	AIR ANTILLES EXPRESS	AIR ANTILLES	3S
TRQ	3T	0	TARCO AIR	TURAN AIR	3T
NULL	3U	876	SICHUAN AIRLINES	SICHUAN AIR	3U
TAY	3V	756	TNT AIRWAYS	VIKING AIR	3V
NULL	3W	0	AVIA CONSULT	EUROMANX	3W
JAC	3X	0	JAPAN AIR COMMUTER	J.AIR COMMU	3X
KAE	3Y	0	KARTIKA AIRLINES	KARTIKA AIR	3Y
TVP	3Z	0	TRAVEL SERVICE POLSKA	NULL	3Z
NULL	4A	0	AVIANA AIRWAYS	NULL	4A
NULL	4B	184	BOUTIQUE AIR	BOUTIQUE AIR	4B
ARE	4C	35	AIRES	NULL	4C
ASD	4D	903	AIR SINAI	AIR SINAI	4D
TNR	4E	0	TANANA AIR SERVICE	TANANA AIR	4E
ECE	4F	0	AIR CITY	AIR-CITY	4F
GZP	4G	579	GAZPROMAVIA	NULL	4G
NULL	4H	584	UNITED AIRWAYS BANGLADESH	TRANS PACIFIC	4H
IZM	4I	597	IHY IZMIR HAVAYOLLARI	NULL	4I
NULL	4J	413	SOMON AIR	SOMON AIR	4J
KBA	4K	0	KENN BOREK AIR	KENN BOREK	4K
GIL	4L	764	GEORGIAN INTERNATIONAL AIRLINES	NULL	4L
NULL	4M	469	LANARGENTINA	LANARGENTINA	4M
NULL	4N	287	AIR NORTH	AIR NORTH	4N
AIJ	4O	0	ABC AEROLINEAS	NULL	4O
NULL	4P	0	SOUTHERN STAR AIRLINES	NULL	4P
SFW	4Q	741	SAFI AIRWAYS	SAFI AIRWAYS	4Q
HHI	4R	0	HAMBURG INTERNATIONAL	HAMBURG INTL	4R
STB	4S	0	STAR AIRWAYS	AEROHONDURAS	4S
NULL	4T	0	BELAIR AIRLINES	RUSSIAN AIR	4T
GWI	4U	51	GERMANWINGS	GERMANWINGS	4U
NULL	4V	408	LACBRAVO	NULL	4V
VNA	4W	0	WARBELOWS AIR VENTURES	WARBELOW	4W
ANX	4X	0	ATLANTIC EXPRESS AIRLINE	NULL	4X
NULL	4Y	0	YUTE AIR ALASKA	NULL	4Y
NULL	4Z	749	SOUTH AFRICAN AIRLINK	SA AIRLINK	4Z
NULL	5A	0	UNDEFINED	NULL	5A
NULL	5B	0	CHANCHANGI AIRLINES	NULL	5B
NULL	5C	0	NATURE AIR	NATURE AIR	5C
SLI	5D	642	AEROLITORAL	NULL	5D
NULL	5E	0	SIAM GA	BASE REGIONAL	5E
CIR	5F	0	ARCTIC CIRCLE AIR	BONAIRE AIR	5F
NULL	5G	0	540 GHANA	SKYSERVICE	5G
FFV	5H	540	FIVE FOURTY AVIATION	FIVE FOURTY	5H
NULL	5I	0	ALSA GRUPO SLU	AIR G	5I
CEB	5J	203	CEBU AIR	CEBU AIR	5J
ODS	5K	654	HI FLY TRANSPORTES AEREO	SAC ODESSA	5K
NULL	5L	275	AEROSUR	AEROSUR	5L
MNT	5M	0	MONTSERRAT AIRWAYS	SIBAVIATRANS	5M
AUL	5N	316	JSC NORDAVIA	JSC NORDAVIA	5N
FPO	5O	558	EUROPE AIRPOST	EUROP AIRPOST	5O
PCP	5P	676	AEROLINEA PRINCIPAL CHILE	AEROLINEA PR	5P
BEA	5Q	567	BQB LINEAS AEREAS	BEST AVIATION	5Q
NULL	5R	0	KARTHAGO AIRLINES	KARTHAGO AIR	5R
PSV	5S	0	SERVICIOS AEREOS PROFESIONALES	NULL	5S
NULL	5T	518	CANADIAN NORTH	CANADIANNORTH	5T
CHG	5U	0	ROYAL BELAU AIRWAYS	L A D E	5U
NULL	5V	0	LVIV AIRLINES	LVIV AIRLINES	5V
AEU	5W	0	ASTRAEUS	EXECUTIVE EXP	5W
NULL	5X	0	UNDEFINED	NULL	5X
NULL	5Y	0	ATLAS AIR	EXPRESS RAIL	5Y
NULL	5Z	541	BISMILAH AIRLINES	BISMILAH AIRL	5Z
CHP	6A	95	AVIACSA	AVIACSA	6A
BLX	6B	951	TUIFLY NORDIC	BRITANNIA	6B
NULL	6C	586	AIR TIMOR	NULL	6C
TVQ	6D	0	TRAVEL SERVICE	ALASKA ISL	6D
NULL	6E	0	INDIGO	MALMO AVIAT	6E
NULL	6F	0	MAT AIRWAYS	NULL	6F
FDY	6G	504	SUN AIR EXPRESS LLC	AIR WALES	6G
ISR	6H	818	ISRAIR AIRLINES	ISRAIR AIRLIN	6H
NULL	6I	0	FLY 6IX	NULL	6I
NULL	6J	0	JUBBA AIRWAYS (SOMALIA)	NULL	6J
KTC	6K	0	KYRGYZ TRANS AVIA	KORSAR	6K
AKK	6L	709	AKLAK AIR	AKLAK AIR	6L
NULL	6M	0	AIR MINAS LINHAS AEREAS	NULL	6M
MHK	6N	503	AL NASER AIRLINES	NULL	6N
NULL	6O	0	AIR SATELLITE	NULL	6O
VOS	6P	478	GRYPHON AIRLINE	CLUBAIR	6P
SAW	6Q	386	CHAM WINGS AIRLINES	SLOVAK ARLNS	6Q
DRU	6R	0	MIRNY AIR	NULL	6R
ESC	6S	612	EL SOL DE AMERICA	KATO AIRLINES	6S
NULL	6T	373	AIR MANDALAY	AIR MANDALAY	6T
ACX	6U	0	ACG AIR CARGO GERMANY	AIR UKRAINE	6U
MRW	6V	0	MARS RK	MARS RK	6V
NULL	6W	26	SARATOV AIRLINES	NULL	6W
XYB	6X	172	AMADEUS SIX	AMADEUS SIX	6X
LTC	6Y	0	SMARTLYNX AIRLINES	NULL	6Y
NULL	6Z	0	EURASIA AIR	NULL	6Z
NXA	7A	0	AIR NEXT	HAINES AIR	7A
NULL	7B	0	MOSCOW AIRLINES	NULL	7B
JJA	7C	806	JEJU AIR	COL.PACIFIC	7C
UDC	7D	897	DONBASSAERO AIRLINES	DONBASSAERO	7D
AWU	7E	0	SYLT AIR GMBH	NULL	7E
FAB	7F	245	FIRST AIR	FIRST AIR	7F
NULL	7G	922	STAR FLYER	NULL	7G
ERH	7H	808	ERA AVIATION	ERA AVIATION	7H
NULL	7I	958	INSEL AIR INTERNATIONAL	INSEL AIR	7I
TJK	7J	502	TAJIK AIR	TAJIK AIR	7J
NULL	7K	0	KOGALYMAVIA AIRLINES	NULL	7K
CRN	7L	164	AEROCARIBBEAN	NULL	7L
MYI	7M	10	MAYAIR	AEROMONTERR	7M
NULL	7N	789	NATIONAL AIRWAYS P.L.C	NULL	7N
NULL	7O	0	TRAVEL SERVICE LEGOFORGALMI	NULL	7O
PST	7P	23	AIR PANAMA	APA INTL	7P
NULL	7Q	0	NYASA EXPRESS	NULL	7Q
RLU	7R	362	RUSLINE	RUSLINE	7R
XYW	7S	792	AMADEUS PDF 7S	AMADEUS 7S	7S
NULL	7T	0	TRENITALIA	NULL	7T
ERG	7U	765	AVIAENERGO	NULL	7U
NULL	7V	739	FEDERAL AIRLINES	FEDERAL AIRL	7V
WRC	7W	461	WIND ROSE AVIATION	WIND ROSE	7W
XYC	7X	791	AMADEUS SEVEN	AMADEUS SEVEN	7X
PWD	7Y	0	PAN AM WORLD AIRWAYS DOMINICANA	NULL	7Y
NULL	7Z	159	HALCYON AIR CABO VERDE	HALCYON AIR	7Z
NULL	8A	691	PANAMA AIRWAYS	NULL	8A
BCC	8B	820	BUSINESS AIR	CARRIBEAN AIR	8B
DXH	8C	883	EAST STAR AIRLINES	EAST STAR	8C
NULL	8D	0	SERVANT AIR	NULL	8D
BRG	8E	0	BERING AIR	BERING AIR	8E
STP	8F	470	STP AIRWAYS	STP AIRWAYS	8F
NULL	8G	0	GIRJET	GIRJET	8G
BGH	8H	366	BH AIR	HIGHLAND AIR	8H
NULL	8I	0	MYAIR.COM	MYAIR.COM	8I
NULL	8J	0	JET4YOU.COM	NULL	8J
NULL	8K	0	UNDEFINED	NULL	8K
NULL	8L	859	LUCKY AIR	NULL	8L
NULL	8M	599	MYANMAR AIRWAYS INTL	MYANMAR	8M
NULL	8N	0	BARENTS AIRLINK	NULL	8N
NULL	8O	0	UNDEFINED	NULL	8O
PCO	8P	905	PACIFIC COASTAL AIRLINES	PAC.COASTAL	8P
OHY	8Q	66	ONUR AIR	NULL	8Q
NULL	8R	300	SOL LINEAS AEREAS	SOL LINEAS	8R
NULL	8S	802	SHUN TAK CHINA	NULL	8S
NULL	8T	744	AIR TINDI LTD	NULL	8T
AAW	8U	546	AFRIQIYAH AIRWAYS	AFRIQIYAH AIR	8U
NULL	8V	0	WRIGHT AIR SERVICES	WRIGHT AIR	8V
NULL	8W	0	PRIVATE WINGS	PRIVATE WINGS	8W
XYD	8X	798	AMADEUS EIGHT	AMADEUS EIGHT	8X
PBU	8Y	0	AIR BURUNDI	AIRBURUNDI	8Y
WVL	8Z	0	WIZZ AIR BULGARIA AIRLINES	ALASA ISLAND	8Z
NULL	9A	0	ALADIA AIRLINES	AIRATLANTIC	9A
NULL	9B	450	ACCESRAIL	ACCESRAIL	9B
NULL	9C	89	SPRING AIRLINES	HAITI CARIBB	9C
NULL	9D	371	TOUMAI AIR TCHAD	TOUMAI AIR	9D
FLG	9E	430	PINNACLE AIRLINES	EXPRESS AIR	9E
NULL	9F	814	EUROSTAR	EUROSTAR UK	9F
NULL	9G	0	9G RAIL LTD	NULL	9G
NULL	9H	493	DUTCH ANTILLES EXPRESS	DAE	9H
HTA	9I	0	HELITRANS AS	NULL	9I
DAN	9J	0	DANA AIRLINES	NULL	9J
KAP	9K	306	CAPE AIR	CAPE AIR	9K
NULL	9L	426	COLGAN AIR	COLGAN AIR	9L
GLR	9M	634	CENTRAL MOUNTAIN AIR	CNTRL MTN AIR	9M
NULL	9O	357	NATIONAL AIRWAYS CAMEROON	AIRCAMEROON	9O
PTR	9P	0	PETRA AIRLINES	NULL	9P
PBA	9Q	543	PB AIR	PB AIR	9Q
NSE	9R	0	SATENA	NULL	9R
XYX	9S	793	AMADEUS PDF 9S	AMADEUS 9S	9S
ABS	9T	556	ACT HAVAYOLLARI	ATHABASKA	9T
MLD	9U	572	AIR MOLDOVA	AIR MOLDOVA	9U
ROI	9V	742	AVIOR	AVIOR	9V
JAI	9W	589	JET AIRWAYS	JET AIRWAYS	9W
CXR	9X	0	CONGO EXPRESS	NEW AXIS AIR	9X
NULL	9Y	671	FLY GEORGIA	MDLR AIRLINES	9Y
NULL	9Z	0	AMADEUS PDF 9Z	NULL	9Z
NULL	A0	0	L'AVION	ELYSAIR	A0
NULL	A1	0	G2 SWITCH WORKS	NULL	A1
AZI	A2	273	ASTRA AIRLINES	ASTRA AIRLINE	A2
AEE	A3	390	AEGEAN AIRLINES	AEGEAN AIR	A3
NULL	A4	702	AEROCOMERCIAL ORIENTE NORTE	SOUTH WINDS	A4
RLA	A5	163	AIRLINAIR	AIRLINAIR	A5
LPV	A6	527	AIR ALPS AVIATION	ALPS AVIATION	A6
AWN	A7	0	AIR NIAMEY	AIR COMET	A7
NULL	A8	0	BENIN GOLF AIR	BENIN GOLF	A8
NULL	A9	606	GEORGIAN AIRWAYS	ARIZENA AIR	A9
AAL	AA	1	AMERICAN AIRLINES	AMERICAN	AA
AAF	ZI	439	AIGLE AZUR	AIGLE AZUR	AAF
AAL	AA	1	AMERICAN AIRLINES	AMERICAN	AAL
AAN	WD	562	AMSTERDAM AIRLINES BV	DAS AIR	AAN
AAR	OZ	988	ASIANA AIRLINES	ASIANA	AAR
AAW	8U	546	AFRIQIYAH AIRWAYS	AFRIQIYAH AIR	AAW
AAZ	KJ	666	ASIAN AIR	BMED	AAZ
BER	AB	745	AIR BERLIN	AIR BERLIN	AB
ABL	BX	982	AIR BUSAN	AIR BUSAN	ABL
ABS	9T	556	ACT HAVAYOLLARI	ATHABASKA	ABS
ACA	AC	14	AIR CANADA	AIR CANADA	AC
ACA	AC	14	AIR CANADA	AIR CANADA	ACA
ACI	SB	63	AIRCALIN	CAL.INT	ACI
ACL	FS	393	SYPHAX AIRLINES SA	SYPHAX AIRL	ACL
ACX	6U	0	ACG AIR CARGO GERMANY	AIR UKRAINE	ACX
ACY	EV	862	ATLANTIC SOUTHEAST	NULL	ACY
NULL	AD	577	AZUL LINHAS AEREAS BRASILEIRAS	AZUL LINHAS	AD
ADH	AP	867	AIRONE S.P.A.	ALIADRATICA	ADH
ADO	HD	0	HOKKAIDO INTERNATIONAL	NULL	ADO
ADR	JP	165	ADRIA AIRWAYS	ADRIA	ADR
MDA	AE	803	MANDARIN AIRLINES	MANDARIN AIR	AE
AEA	UX	996	AIR EUROPA	AIR EUROPA	AEA
AEE	A3	390	AEGEAN AIRLINES	AEGEAN AIR	AEE
AEU	5W	0	ASTRAEUS	EXECUTIVE EXP	AEU
AEW	VV	870	AEROSVIT AIRLINES	AEROSWEET	AEW
AFR	AF	57	AIR FRANCE	AIR FRANCE	AF
AFG	FG	255	ARIANA AFGHAN AIRLINES	ARIANA	AFG
AFL	SU	555	AEROFLOT	AEROFLOT	AFL
AFR	AF	57	AIR FRANCE	AIR FRANCE	AFR
NULL	AG	0	UNDEFINED	NULL	AG
AGN	GN	185	AIR GABON	AIR GABON	AGN
AGT	1A	790	AMADEUS	AMADEUS	AGT
DAH	AH	124	AIR ALGERIE	AIR ALGERIE	AH
AHY	J2	771	AZERBAIJAN AIRLINES	AZERBAIJAN AI	AHY
AIC	AI	98	AIR INDIA LIMITED	AIR INDIA	AI
AIA	U3	0	AVIES	NULL	AIA
AIC	AI	98	AIR INDIA LIMITED	AIR INDIA	AIC
AIE	3H	466	AIR INUIT	AIR INUIT	AIE
AIJ	4O	0	ABC AEROLINEAS	NULL	AIJ
AIQ	FD	900	THAI AIRASIA	THAI AIRASIA	AIQ
AIZ	IZ	238	ARKIA	ARKIA ISRAELI	AIZ
NULL	AJ	0	AEROCONTRACTORS	AEROCONTRACTO	AJ
AJM	JM	201	AIR JAMAICA	AIR JAMAICA	AJM
AJX	NQ	0	AIR JAPAN COMPANY LTD	NULL	AJX
AXM	AK	807	AIRASIA SDN BHD	AIRASIA	AK
AKK	6L	709	AKLAK AIR	AKLAK AIR	AKK
AKW	G6	397	ANGKOR AIRWAYS	ANGKOR AIR	AKW
NULL	AL	0	MIDWEST CONNECT	ASTRAL AVIA	AL
ALK	UL	603	SRILANKAN AIRLINES	SRILANKAN AIR	ALK
ALX	EO	663	FLYCONGO	HEWA BORA	ALX
AMX	AM	139	AEROMEXICO	AEROMEXICO	AM
AMC	KM	643	AIR MALTA	AIR MALTA	AMC
AML	QM	167	AIR MALAWI	NULL	AML
AMU	NX	675	AIR MACAU	AIR MACAU	AMU
AMX	AM	139	AEROMEXICO	AEROMEXICO	AMX
NULL	AN	0	UNDEFINED	NULL	AN
ANA	NH	205	ALL NIPPON AIRWAYS	ALL NIPPON	ANA
ANG	PX	656	AIR NIUGINI	AIR NIUGINI	ANG
ANH	2T	311	ALAJNIHAH AIR TRANSPORT	NULL	ANH
ANK	EL	768	AIR NIPPON	NULL	ANK
ANO	TL	935	AIRNORTH	AIRNORTH	ANO
ANS	YW	694	AIR NOSTRUM	AIR NOSTRUM	ANS
ANV	LW	568	PACIFIC WINGS	AIR NEVADA	ANV
ANX	4X	0	ATLANTIC EXPRESS AIRLINE	NULL	ANX
ANZ	NZ	86	AIR NEW ZEALAND	NEW ZEALAND	ANZ
NULL	AO	0	AVIANOVA LCC	AUSTRALIAN	AO
AOG	NJ	592	AERO VIP	NULL	AOG
ADH	AP	867	AIRONE S.P.A.	ALIADRATICA	AP
APD	1Z	0	FANTASIA INFO NETWORK LT	ASIA PACIFIC	APD
APJ	MM	0	PEACH AVIATION	MEDELLIN	APJ
MPJ	AQ	0	MAP MANAGEMENT PLANNING	NULL	AQ
ARG	AR	44	AEROLINEAS ARGENTINAS	ARGENTINAS	AR
ARA	W3	725	ARIK AIR	ARIK AIR	ARA
ARE	4C	35	AIRES	NULL	ARE
ARG	AR	44	AEROLINEAS ARGENTINAS	ARGENTINAS	ARG
ASA	AS	27	ALASKA AIRLINES	ALASKA A/L	AS
ASA	AS	27	ALASKA AIRLINES	ALASKA A/L	ASA
ASD	4D	903	AIR SINAI	AIR SINAI	ASD
ASH	YV	533	MESA AIRLINES	MESAAIRLINE	ASH
ASN	IU	0	HEVI LIFT (PNG) PTY LTD	AIR STRAUBING	ASN
RAM	AT	147	ROYAL AIR MAROC	R.AIR MAROC	AT
ATA	X6	889	AIRLINES REPORTING CORP.	ARC	ATA
ATC	TC	197	AIR TANZANIA	NULL	ATC
AUT	AU	143	AUSTRAL LINEAS AEREAS	AUSTRAL L.A	AU
AUA	OS	257	AUSTRIAN AIRLINES	AUSTRIANAIR	AUA
AUB	IQ	614	AUGSBURG AIRWAYS	NULL	AUB
AUL	5N	316	JSC NORDAVIA	JSC NORDAVIA	AUL
AUR	GR	924	AURIGNY AIR SERVICES	AURIGNY AIR	AUR
AUT	AU	143	AUSTRAL LINEAS AEREAS	AUSTRAL L.A	AUT
AVA	AV	134	AVIANCA	AVIANCA	AV
AVA	AV	134	AVIANCA	AVIANCA	AVA
AVN	NF	218	AIR VANUATU	AIR VANUATU	AVN
NULL	AW	364	RUTAS AEREAS DE VENEZUELA RAV	NULL	AW
AWI	ZW	303	AIR WISCONSIN	AIRWISCONSI	AWI
AWN	A7	0	AIR NIAMEY	AIR COMET	AWN
AWQ	QZ	975	PT INDONESIA AIRASIA	PTINDAIRASIA	AWQ
AWU	7E	0	SYLT AIR GMBH	NULL	AWU
LOF	AX	414	AMERICAN CONNECTION	AA CONNECTION	AX
AXE	ED	0	AIR EXPLORE	AIRBLUE	AXE
AXM	AK	807	AIRASIA SDN BHD	AIRASIA	AXM
FIN	AY	105	FINNAIR	FINNAIR	AY
AYG	YH	0	YANGON AIRWAYS	YANGON	AYG
AZA	AZ	55	ALITALIA C.A.I. S.P.A.	ALITALIA SPA	AZ
AZA	AZ	55	ALITALIA C.A.I. S.P.A.	ALITALIA SPA	AZA
AZI	A2	273	ASTRA AIRLINES	ASTRA AIRLINE	AZI
AZW	UM	168	AIR ZIMBABWE	NULL	AZW
NULL	B0	0	UNDEFINED	NULL	B0
NULL	B1	248	CIONS SOFTWARE	NULL	B1
BRU	B2	628	BELAVIA	BELAVIA	B2
BLV	B3	208	BELLVIEW AIRLINES	BELLVIEW AIR	B3
TAN	B4	698	ZANAIR	ZANAIR	B4
NULL	B5	305	EAST AFRICAN SAFARI AIR	SAFARI AIR	B5
JBU	B6	279	JETBLUE AIRWAYS	JETBLUE AIR	B6
UIA	B7	525	UNI AIRWAYS	UNI AIRWAYS	B7
ERT	B8	637	ERITREAN AIRLINES	ERITREAN AIR	B8
NULL	B9	491	IRAN AIR TOURS	NULL	B9
BAW	BA	125	BRITISH AIRWAYS	BRITISH A/W	BA
BAL	L9	812	BELLE AIR EUROPE	NULL	BAL
BAW	BA	125	BRITISH AIRWAYS	BRITISH A/W	BAW
NULL	BB	376	SEABORNE AIRLINES	SEABORNE	BB
BBC	BG	997	BIMAN BANGLADESH AIRLINE	BIMAN	BBC
BBG	BZ	0	BLUE BIRD AIRWAYS	NULL	BBG
BBR	S3	249	SANTA BARBARA AIRLINES	SANTA BARBARA	BBR
SKY	BC	0	SKYMARK AIRLINES	NULL	BC
BCC	8B	820	BUSINESS AIR	CARRIBEAN AIR	BCC
BCI	SI	821	BLUE ISLANDS	BLUE ISLANDS	BCI
BCY	WX	689	CITYJET	CITYJET	BCY
BMA	BD	236	BRITISH MIDLAND INTERNATIONAL	NULL	BD
BEE	BE	267	FLYBE	BRIT EUROP	BE
BEA	5Q	567	BQB LINEAS AEREAS	BEST AVIATION	BEA
BEE	BE	267	FLYBE	BRIT EUROP	BEE
BEK	Z9	183	JSC BEK AIR	JSC BEK AIR	BEK
BER	AB	745	AIR BERLIN	AIR BERLIN	BER
NULL	BF	0	VINCENT AVIATION	NULL	BF
BBC	BG	997	BIMAN BANGLADESH AIRLINE	BIMAN	BG
BGH	8H	366	BH AIR	HIGHLAND AIR	BGH
NULL	BH	993	HAWKAIR	HAWKAIR	BH
BHS	UP	111	BAHAMASAIR	BAHAMASAIR	BHS
RBA	BI	672	ROYAL BRUNEI	ROYALBRUNEI	BI
BIE	ML	853	AIR MEDITERRANEE	AIR MEDITERRA	BIE
BIH	BS	0	BRITISH INTERNATIONAL	GAMAIR LTD.	BIH
LBT	BJ	796	NOUVELAIR	NOUVELAIR	BJ
NULL	BK	866	OKAY AIRWAYS	PARADISE ISL	BK
BKP	PG	829	BANGKOK AIRWAYS	BANGKOK AIR	BKP
BKV	BQ	616	BUKOVYNA AIRLINES	NULL	BKV
PIC	BL	550	JETSTAR PACIFIC AIRLINES	PACIFIC AIR	BL
BLF	KF	142	BLUE1	BLUE 1	BLF
BLS	JV	632	BEARSKIN AIRLINES	BEARSKIN AIR	BLS
BLV	B3	208	BELLVIEW AIRLINES	BELLVIEW AIR	BLV
BLX	6B	951	TUIFLY NORDIC	BRITANNIA	BLX
NULL	BM	480	BMI REGIONAL	BMI REGIONAL	BM
BMA	BD	236	BRITISH MIDLAND INTERNATIONAL	NULL	BMA
BMI	WW	0	BMIBABY	NULL	BMI
BMJ	CH	872	BEMIDJI AIRLINES	BEMIDJI	BMJ
NULL	BN	937	BAHRAIN AIR	HORIZON AIRLI	BN
NULL	BO	505	BB AIRWAYS	NULL	BO
BOT	BP	636	AIR BOTSWANA	AIR BOTSWAN	BOT
BOT	BP	636	AIR BOTSWANA	AIR BOTSWAN	BP
BPA	BV	4	BLUE PANORAMA AIRLINES	BLUE PANORAMA	BPA
BKV	BQ	616	BUKOVYNA AIRLINES	NULL	BQ
EVA	BR	695	EVA AIR	EVA AIRWAYS	BR
BRG	8E	0	BERING AIR	BERING AIR	BRG
BRQ	UZ	928	BURAQ AIR	BURAQ AIR	BRQ
BRU	B2	628	BELAVIA	BELAVIA	BRU
BIH	BS	0	BRITISH INTERNATIONAL	GAMAIR LTD.	BS
BTI	BT	657	AIR BALTIC	AIR BALTIC	BT
BTA	XE	477	EXPRESSJET AIRLINES INC	NULL	BTA
BTI	BT	657	AIR BALTIC	AIR BALTIC	BTI
NULL	BU	883	COMPAGNIE AFRICAINE D'AVIATION	SAS NORWAY	BU
BPA	BV	4	BLUE PANORAMA AIRLINES	BLUE PANORAMA	BV
BVI	XV	0	BVI AIRWAYS	NULL	BVI
BVT	J8	801	BERJAYA AIR	BERJAYA AIR	BVT
BWA	BW	106	CARIBBEAN AIRLINES	CARIBBEAN AIR	BW
BWA	BW	106	CARIBBEAN AIRLINES	CARIBBEAN AIR	BWA
ABL	BX	982	AIR BUSAN	AIR BUSAN	BX
TOM	BY	754	THOMSON AIRWAYS LTD	BRITANNIA	BY
BBG	BZ	0	BLUE BIRD AIRWAYS	NULL	BZ
BZH	DB	750	BRIT AIR	BRIT AIR	BZH
CLW	C0	0	CENTRALWINGS	NULL	C0
NULL	C1	322	TECTIMES SUDAMERICA	NULL	C1
NULL	C2	304	CEIBA INTERCONTINENTAL	CEIBA	C2
NULL	C3	0	CONTACT AIR	NULL	C3
NULL	C4	665	ALMA DE MEXICO	ALMADEMEXICO	C4
UCA	C5	841	CHAMPLAIN ENTERPRISES	NULL	C5
CJA	C6	0	CANJET AIRLINES	BRIGHT ARL	C6
RLE	C7	0	RLA RICO LINHAS AREAS	NULL	C7
NULL	C8	498	CRONOS AIRLINES	NULL	C8
RUS	C9	251	CIRRUS AIRLINES	NULL	C9
CCA	CA	999	AIR CHINA	AIR CHINA	CA
CAI	XC	0	CORENDON AIRLINES	K D AIR	CAI
CAL	CI	297	CHINA AIRLINES	CHINA AIR	CAL
CAV	MO	622	CALM AIR INTERNATIONAL	CALM AIR INTL	CAV
CAW	MN	161	COMAIR LTD	COMAIR	CAW
CAY	KX	378	CAYMAN AIRWAYS	CAYMAN AIR	CAY
SAY	CB	969	SCOTAIRWAYS	SCOTAIRWAYS	CB
OMT	CC	0	CM AIRLINES	MACAIR AIRL	CC
CCA	CA	999	AIR CHINA	AIR CHINA	CCA
CCM	XK	146	AIR CORSICA	AIR CORSICA	CCM
CCP	MG	0	CHAMPION AIR	MGM GRAND	CCP
CND	CD	0	CORENDON DUTCH AIRLINES	SEAVIEW AIR	CD
CDG	SC	324	SHANDONG AIRLINES	SHANDONG AIRL	CDG
CLG	CE	980	CHALAIR AVIATION	CHALAIR	CE
CEB	5J	203	CEBU AIR	CEBU AIR	CEB
CES	MU	781	CHINA EASTERN AIRLINES	CHINA EAST	CES
SDR	CF	419	CITY AIRLINE	CITY AIR	CF
CFE	CJ	0	BA CITYFLYER	CHINA NORTH	CFE
CFG	DE	881	CONDOR	CONDOR	CFG
NULL	CG	626	AIRLINES PNG	AIRL. OF PNG	CG
BMJ	CH	872	BEMIDJI AIRLINES	BEMIDJI	CH
CHG	5U	0	ROYAL BELAU AIRWAYS	L A D E	CHG
CHH	HU	880	HAINAN AIRLINES	HAINAN AIR	CHH
CHP	6A	95	AVIACSA	AVIACSA	CHP
CHQ	RP	363	CHAUTAUQUA AIRLINES	NULL	CHQ
CAL	CI	297	CHINA AIRLINES	CHINA AIR	CI
CIB	DF	0	CONDOR BERLIN	NULL	CIB
CIM	QI	647	CIMBER A/S	CIMBER AIR	CIM
CIR	5F	0	ARCTIC CIRCLE AIR	BONAIRE AIR	CIR
CFE	CJ	0	BA CITYFLYER	CHINA NORTH	CJ
CJA	C6	0	CANJET AIRLINES	BRIGHT ARL	CJA
NDR	CK	0	CHINA CARGO AIRLINES	ANDESMAR LIN	CK
CLH	CL	683	LUFTHANSA CITYLINE	TEMPELHOF	CL
CLG	CE	980	CHALAIR AVIATION	CHALAIR	CLG
CLH	CL	683	LUFTHANSA CITYLINE	TEMPELHOF	CLH
CLW	C0	0	CENTRALWINGS	NULL	CLW
CMP	CM	230	COPA AIRLINES	COPA PANAMENA	CM
CMI	CS	0	CONTINENTAL MICRONESIA	CONTINL MICRO	CMI
CMP	CM	230	COPA AIRLINES	COPA PANAMENA	CMP
NULL	CN	895	GRAND CHINA AIR	GD CHINA AIR	CN
CND	CD	0	CORENDON DUTCH AIRLINES	SEAVIEW AIR	CND
COA	CO	5	CONTINENTAL AIRLINES	CONTINENTAL	CO
COA	CO	5	CONTINENTAL AIRLINES	CONTINENTAL	COA
COM	OH	886	COMAIR INC.	COMAIR	COM
NULL	CP	3	COMPASS AIRLINES	CANADIAN	CP
CPA	CX	160	CATHAY PACIFIC	CATHAYPACIFIC	CPA
CPN	RV	879	CASPIAN AIRLINES	NULL	CPN
NULL	CQ	909	CZECH CONNECT AIRLINES	CZECH CONNECT	CQ
NULL	CR	0	OAG WORLDWIDE	NULL	CR
CRD	QC	40	CAMAIR-CO	CAMAIR-CO	CRD
CRK	HX	851	HONG KONG AIRLINES	HONGKONG AIR	CRK
CRL	SS	923	CORSAIR	CORSE AIR	CRL
CRN	7L	164	AEROCARIBBEAN	NULL	CRN
CRQ	YN	219	AIR CREEBEC	AIR CREEBEC	CRQ
CMI	CS	0	CONTINENTAL MICRONESIA	CONTINL MICRO	CS
CSA	OK	64	CZECH AIRLINES CSA	CZECH AIRLINE	CSA
CSH	FM	774	SHANGHAI AIRLINES	SHANGAI AIRLI	CSH
CSN	CZ	784	CHINA SOUTHERN AIRLINES	CHINA SOUTH	CSN
CSQ	II	175	IBC AIRWAYS INC	NULL	CSQ
CSZ	ZH	479	SHENZHEN AIRLINES	SHENZHEN AIRL	CSZ
CYL	CT	0	ALITALIA CITY LINER SPA	AIR ONE CITYL	CT
CTN	OU	831	CROATIA AIRLINES	CROATIA	CTN
CUB	CU	136	CUBANA DE AVIACION	CUBANA	CU
CUA	KN	822	CHINA UNITED AIRLINES	NULL	CUA
CUB	CU	136	CUBANA DE AVIACION	CUBANA	CUB
NULL	CV	0	AIR CHATHAMS	AIR CHATHAM	CV
MRS	CW	778	AIR MARSHALL ISLANDS	MARSHALL IS	CW
CPA	CX	160	CATHAY PACIFIC	CATHAYPACIFIC	CX
CXA	MF	731	XIAMEN AIRLINES	XIAMEN AIR	CXA
CXJ	XO	0	LTE INTERNATIONAL AIRWAY	XINJIANG	CXJ
CXP	XP	0	XTRA AIRWAYS	XTRA AIRWAYS	CXP
CXR	9X	0	CONGO EXPRESS	NEW AXIS AIR	CXR
CYP	CY	48	CYPRUS AIRWAYS	CYPRUS AIR	CY
CYL	CT	0	ALITALIA CITY LINER SPA	AIR ONE CITYL	CYL
CYP	CY	48	CYPRUS AIRWAYS	CYPRUS AIR	CYP
CSN	CZ	784	CHINA SOUTHERN AIRLINES	CHINA SOUTH	CZ
NULL	D0	0	UNDEFINED	NULL	D0
NULL	D1	0	UNDEFINED	NULL	D1
NULL	D2	103	SEVERSTAL AIRCOMPANY	SEVERSTAL AIR	D2
DAO	D3	991	DAALLO AIRLINES	DAALLO AIRLIN	D3
LID	D4	0	ALIDAUNIA S.R.L.	NULL	D4
DAE	D5	0	DAUAIR	DAUAIR	D5
INL	D6	625	INTER AIR	INTER AIR	D6
XAX	D7	843	AIRASIAX SDN BHD	AIRASIAX	D7
DJB	D8	0	DJIBOUTI AIRLINES	NULL	D8
DNV	D9	733	JSC DONAVIA	NULL	D9
GEO	DA	0	AIR GEORGIA	AIR GEORGIA	DA
DAE	D5	0	DAUAIR	DAUAIR	DAE
DAH	AH	124	AIR ALGERIE	AIR ALGERIE	DAH
DAL	DL	6	DELTA AIR LINES	DELTA AIR	DAL
DAN	9J	0	DANA AIRLINES	NULL	DAN
DAO	D3	991	DAALLO AIRLINES	DAALLO AIRLIN	DAO
DAP	X8	545	ICARO	AEROVIAS DAP	DAP
DAT	SN	82	BRUSSELS AIRLINES	BRUSSELS AIR	DAT
BZH	DB	750	BRIT AIR	BRIT AIR	DB
DBB	2A	0	DEUTSCHE BAHN AG	DEUTSCHE BAHN	DBB
GAO	DC	215	GOLDEN AIR	GOLDEN AIR	DC
DCP	DQ	521	DELTA CONNECTION	COASTAL AIR	DCP
NULL	DD	0	NOK AIR	NULL	DD
CFG	DE	881	CONDOR	CONDOR	DE
DER	JD	898	DEER JET	NULL	DER
DET	DI	228	D E T A AIR JSC	DBA	DET
CIB	DF	0	CONDOR BERLIN	NULL	DF
NULL	DG	931	SOUTH EAST ASIAN AIRLINES	SOUTH EAST AS	DG
IRS	DH	0	SAHAND ASIA AIRLINES	NULL	DH
DET	DI	228	D E T A AIR JSC	DBA	DI
VOZ	DJ	856	VIRGIN AUSTRALIA AIRLINE	VIRGIN AUSTRA	DJ
DJB	D8	0	DJIBOUTI AIRLINES	NULL	DJB
VKG	DK	630	THOMAS COOK AIRLINES A/S	EASTLAND AIR	DK
DKH	HO	18	JUNEYAO AIRLINES	NULL	DKH
DAL	DL	6	DELTA AIR LINES	DELTA AIR	DL
DLA	EN	101	AIR DOLOMITI	AIR DOLOMITI	DLA
DLH	LH	220	LUFTHANSA	LUFTHANSA	DLH
NULL	DM	349	STERLING BLUE	STERLING BLUE	DM
NULL	DN	440	SENEGAL AIRLINES	SENEGAL AIR	DN
DNU	R6	0	DOT LT	DOT LT	DNU
DNV	D9	733	JSC DONAVIA	NULL	DNV
NULL	DO	0	AIR VALLEE	AIR VALLEE	DO
PLV	DP	0	PERLA AIRLINES	AIR 2000 LTD	DP
DCP	DQ	521	DELTA CONNECTION	COASTAL AIR	DQ
NULL	DR	0	AIR LINK	AIR LINK	DR
DRK	KB	787	DRUK AIR	DRUK-AIR	DRK
DRU	6R	0	MIRNY AIR	NULL	DRU
NULL	DS	0	EASYJET SWITZERLAND	NULL	DS
DTA	DT	118	TAAG	TAAG	DT
DTA	DT	118	TAAG	TAAG	DTA
DTR	DX	243	DANISH AIR TRANSPORT	DANISH AIR	DTR
NULL	DV	655	JSC AIRCOMPANY SCAT	JSC SCAT	DV
UCR	DW	187	AERO-CHARTER	HELICOPTER SH	DW
DWT	0D	779	DARWIN AIRLINE	DARWIN	DWT
DTR	DX	243	DANISH AIR TRANSPORT	DANISH AIR	DX
DXH	8C	883	EAST STAR AIRLINES	EAST STAR	DXH
NAX	DY	328	NORWEGIAN AIR SHUTTLE	NORWEGIAN AIR	DY
NULL	DZ	0	DJIBOUTI AIR	NULL	DZ
NULL	E1	0	UNDEFINED	NULL	E1
KMP	E2	837	KAMPUCHEA AIRLINES	RIO GRANDEAIR	E2
NULL	E3	0	EAGLES	NULL	E3
NULL	E4	52	ESTELAR LATINOAMERICA	NULL	E4
RBG	E5	844	AIR ARABIA EGYPT	SAMARA AIRL	E5
NULL	E6	417	BRINGER AIR CARGO	NULL	E6
NULL	E7	0	EQUAFLIGHT SERVICE	FLY EUROPEAN	E7
SMK	E8	0	CITY AIRWAYS	ALPI EAGLES	E8
NULL	E9	0	AIRCUENCA	PAN AM CONX	E9
EHN	EA	0	EAST HORIZON AIRLINES	NULL	EA
EAA	KR	265	AIR BISHKEK AIRCOMPANY	AIR BISHKEK	EAA
NULL	EB	460	PULLMANTUR AIR	PULLMANTUR	EB
NULL	EC	284	OPENSKIES	OPENSKIES	EC
ECA	UI	475	EUROCYPRIA AIRLINES	NULL	ECA
ECE	4F	0	AIR CITY	AIR-CITY	ECE
AXE	ED	0	AIR EXPLORE	AIRBLUE	ED
EDW	WK	0	EDELWEISS AIR	EDELWEISS AIR	EDW
NULL	EE	350	AERO AIRLINES	AERO AIRLINES	EE
EEZ	GJ	736	EUROFLY SPA	EUROFLY	EEZ
EZA	EF	0	UNDEFINED	NULL	EF
ETJ	EG	447	EAST AIR	JAPAN ASIA	EG
EGF	MQ	93	AMERICAN EAGLE	NULL	EGF
EGJ	YR	398	SCENIC AIRLINES	NULL	EGJ
EGU	H7	0	EAGLE AIR	NULL	EGU
NULL	EH	0	AIR NIPPON NETWORK	NULL	EH
EHN	EA	0	EAST HORIZON AIRLINES	NULL	EHN
EIN	EI	53	AER LINGUS	AER LINGUS	EI
EIN	EI	53	AER LINGUS	AER LINGUS	EIN
EIX	2E	0	SMOKEY BAY AIR	EI AIR EXPORT	EIX
NEA	EJ	0	NEW ENGLAND AIRLINES	NEW ENGLAN	EJ
UAE	EK	176	EMIRATES	EMIRATES	EK
ANK	EL	768	AIR NIPPON	NULL	EL
ELL	OV	960	ESTONIAN AIR	ESTONIAN AIR	ELL
ELO	K2	78	EUROLOT	EUROLOT	ELO
ELY	LY	114	EL AL ISRAEL AIRLINES	EL AL	ELY
NULL	EM	282	AERO BENIN	NULL	EM
DLA	EN	101	AIR DOLOMITI	AIR DOLOMITI	EN
ALX	EO	663	FLYCONGO	HEWA BORA	EO
IRC	EP	815	IRAN ASEMAN AIRLINES	NULL	EP
TAE	EQ	269	TAME LINEA AEREA DEL ECUADOR	TAME	EQ
NULL	ER	0	AIR EAST	NULL	ER
ERG	7U	765	AVIAENERGO	NULL	ERG
ERH	7H	808	ERA AVIATION	ERA AVIATION	ERH
ERO	2U	383	ERO SUN D'OR	SUN D OR	ERO
ERT	B8	637	ERITREAN AIRLINES	ERITREAN AIR	ERT
NULL	ES	0	UNDEFINED	NULL	ES
ESC	6S	612	EL SOL DE AMERICA	KATO AIRLINES	ESC
ESR	ZE	839	EASTAR JET	LINEAS AEREAS	ESR
ETH	ET	71	ETHIOPIAN AIRLINES	ETHIOPIAN	ET
ETD	EY	607	ETIHAD AIRWAYS	ETIHAD AIR	ETD
ETH	ET	71	ETHIOPIAN AIRLINES	ETHIOPIAN	ETH
ETJ	EG	447	EAST AIR	JAPAN ASIA	ETJ
ETS	2Q	0	AVITRANS NORDIC	NULL	ETS
NULL	EU	811	CHENGDU AIRLINES	ECUATORIANA	EU
ACY	EV	862	ATLANTIC SOUTHEAST	NULL	EV
EVA	BR	695	EVA AIR	EVA AIRWAYS	EVA
EWG	EW	104	EUROWINGS	EUROWINGS	EW
EWG	EW	104	EUROWINGS	EUROWINGS	EWG
NULL	EX	0	UNDEFINED	NULL	EX
EXK	OW	92	EXECUTIVE AIRLINES	NULL	EXK
EXS	LS	949	JET2.COM	NULL	EXS
EXY	XZ	0	SOUTH AFRICAN EXPRESS	EASTAIR	EXY
ETD	EY	607	ETIHAD AIRWAYS	ETIHAD AIR	EY
SUS	EZ	0	SUN AIR OF SCANDINAVIA	NULL	EZ
EZA	EF	0	UNDEFINED	NULL	EZA
EZY	U2	0	EASYJET	EASYJET	EZY
NULL	F0	0	UNDEFINED	NULL	F0
NULL	F1	941	FARELOGIX	NULL	F1
NULL	F2	0	AEROLINEAS REGIONALES	NULL	F2
SGB	F3	0	SKYKING	FLY 1ST CLASS	F3
NBK	F4	0	ALBARKA AIR SERVICES LTD	EURECA SRL	F4
NULL	F5	548	FLY 540	COSMIC AIR	F5
NULL	F6	0	FAROEJET	FST CAMBODIA	F6
NULL	F7	33	DARWIN AIRLINES SA	DARWIN	F7
NULL	F8	0	FREEDOM AIRLINES	AIR MONTREAL	F8
NULL	F9	422	FRONTIER AIRLINES	FRONTIER AIR	F9
SFR	FA	0	SAFAIR	NULL	FA
FAB	7F	245	FIRST AIR	FIRST AIR	FAB
LZB	FB	623	BULGARIA AIR	BALKAN AIR TO	FB
NULL	FC	216	FINNCOMM AIRLINES	FINNCOMM	FC
FCL	PA	0	FLORIDA COASTAL AIRLINES	FLORIDA COAST	FCL
AIQ	FD	900	THAI AIRASIA	THAI AIRASIA	FD
FDA	JH	0	FUJI DREAM AIRLINES	NORDESTE	FDA
FDY	6G	504	SUN AIR EXPRESS LLC	AIR WALES	FDY
NULL	FE	436	FAR EASTERN	NULL	FE
NULL	FF	0	UNDEFINED	NULL	FF
FFV	5H	540	FIVE FOURTY AVIATION	FIVE FOURTY	FFV
AFG	FG	255	ARIANA AFGHAN AIRLINES	ARIANA	FG
FHY	FH	0	FREEBIRD AIRLINES	FUTURA INTL	FH
FHY	FH	0	FREEBIRD AIRLINES	FUTURA INTL	FHY
ICE	FI	108	ICELANDAIR	ICELANDAIR	FI
FIN	AY	105	FINNAIR	FINNAIR	FIN
FJI	FJ	260	AIR PACIFIC	AIR PACIFIC	FJ
FJI	FJ	260	AIR PACIFIC	AIR PACIFIC	FJI
NULL	FK	0	KEEWATIN AIR	NULL	FK
NULL	FL	332	AIRTRAN AIRWAYS	AIRTRAN AIR	FL
FLG	9E	430	PINNACLE AIRLINES	EXPRESS AIR	FLG
FLI	RC	767	ATLANTIC AIRWAYS	ATL.AIRWAYS	FLI
CSH	FM	774	SHANGHAI AIRLINES	SHANGAI AIRLI	FM
RGL	FN	259	REGIONAL AIR LINES	REGIONAL AIR	FN
FXX	FO	569	FELIX AIRWAYS	NULL	FO
FRE	FP	224	FREEDOM AIR	NULL	FP
FPO	5O	558	EUROPE AIRPOST	EUROP AIRPOST	FPO
NULL	FQ	0	BRINDABELLA AIRLINES	BRINDABELLA	FQ
RYR	FR	0	RYANAIR	RYANAIR LTD.	FR
FRE	FP	224	FREEDOM AIR	NULL	FRE
ACL	FS	393	SYPHAX AIRLINES SA	SYPHAX AIRL	FS
SRH	FT	84	SIEM REAP AIRWAYS INTL	NULL	FT
FTA	2F	517	FRONTIER FLYING SERVICE	FRONTIER	FTA
NULL	FU	0	UNDEFINED	NULL	FU
SDM	FV	195	ROSSIYA AIRLINES	ROSSIYA	FV
NULL	FW	0	IBEX AIRLINES	NULL	FW
FWI	TX	427	AIR CARAIBES	AIR CARAIBES	FWI
FWQ	QQ	0	ALLIANCE AIRLINES	NULL	FWQ
FXA	FX	0	FEDEX	EXPRESS AIR	FX
FXA	FX	0	FEDEX	EXPRESS AIR	FXA
FXI	NY	882	AIR ICELAND	AIR ICELAND	FXI
FXT	W2	365	FLEXFLIGHT	FLEXFLIGHT	FXT
FXX	FO	569	FELIX AIRWAYS	NULL	FXX
NULL	FY	918	FLYFIREFLY	NW REGIONAL	FY
NULL	FZ	141	FLYDUBAI	FLYDUBAI	FZ
FZW	Z7	0	FRESHAIR	EASEON AIR	FZW
GHB	G0	678	GHANA INTL AIRLINES	GHANA INTL	G0
NULL	G1	0	UNDEFINED	NULL	G1
NULL	G2	401	GUINEA AIRLINES	AVIREX GABON	G2
GLO	G3	127	VRG LINHAS AEREAS S A	VRG LINHAS AS	G3
NULL	G4	268	ALLEGIANT AIR	GUIZHOU AIR	G4
HXA	G5	987	CHINA EXPRESS AIRLINES	JSC AIR ENKOR	G5
AKW	G6	397	ANGKOR AIRWAYS	ANGKOR AIR	G6
GJS	G7	573	GOJET AIRLINES	NULL	G7
GOW	G8	0	GO AIRLINES	NULL	G8
NULL	G9	514	AIR ARABIA	NULL	G9
GIA	GA	126	GARUDA INDONESIA	GARUDA	GA
GAO	DC	215	GOLDEN AIR	GOLDEN AIR	GAO
GAP	2P	0	AIR PHILIPPINES	AIR PHILIPPIN	GAP
NULL	GB	0	UNDEFINED	NULL	GB
GNR	GC	34	GAMBIA INTL AIRLINES	GAMBIA INTL	GC
NULL	GD	0	UNDEFINED	NULL	GD
TNA	GE	170	TRANSASIA AIRWAYS	TRANSASIA	GE
GEO	DA	0	AIR GEORGIA	AIR GEORGIA	GEO
GFA	GF	72	GULF AIR	GULF AIR	GF
GFA	GF	72	GULF AIR	GULF AIR	GFA
GFT	3M	449	VPAA	VPAA	GFT
NULL	GG	0	UNDEFINED	NULL	GG
GGN	ZX	0	AIR ALLIANCE	NULL	GGN
GHA	GH	674	GLOBUS LLC	GHANA AIR	GH
GHA	GH	674	GLOBUS LLC	GHANA AIR	GHA
GHB	G0	678	GHANA INTL AIRLINES	GHANA INTL	GHB
IKA	GI	420	ITEK AIR	ITEK AIR	GI
GIA	GA	126	GARUDA INDONESIA	GARUDA	GIA
GIL	4L	764	GEORGIAN INTERNATIONAL AIRLINES	NULL	GIL
EEZ	GJ	736	EUROFLY SPA	EUROFLY	GJ
GJS	G7	573	GOJET AIRLINES	NULL	GJS
NULL	GK	798	JETSTAR JAPAN	NULL	GK
GRL	GL	631	AIR GREENLAND	AIR GREENLAND	GL
GLA	ZK	846	GREAT LAKES AVIATION	GREAT LAKES	GLA
GLG	2K	547	AEROLINEAS GALAPAGOS	AEROGAL	GLG
GLO	G3	127	VRG LINHAS AEREAS S A	VRG LINHAS AS	GLO
GLR	9M	634	CENTRAL MOUNTAIN AIR	CNTRL MTN AIR	GLR
SVK	GM	0	AIR SLOVAKIA	AIR SLOVAKIA	GM
GMI	ST	246	GERMANIA	GERMANIA	GMI
AGN	GN	185	AIR GABON	AIR GABON	GN
GNR	GC	34	GAMBIA INTL AIRLINES	GAMBIA INTL	GNR
GOE	GO	0	GO	NULL	GO
GOE	GO	0	GO	NULL	GOE
GOW	G8	0	GO AIRLINES	NULL	GOW
GOZ	ZG	24	GROZNYY AVIA	NULL	GOZ
PTN	GP	961	PANTANAL LINHAS AEREAS	NULL	GP
GPD	TJ	0	TRADEWIND AVIATION	NULL	GPD
SHE	GQ	0	SKY EXPRESS	SKY EXPRESS	GQ
AUR	GR	924	AURIGNY AIR SERVICES	AURIGNY AIR	GR
GRL	GL	631	AIR GREENLAND	AIR GREENLAND	GRL
NULL	GS	826	TIANJIN AIRLINES	NULL	GS
GSM	Y2	0	GLOBESPAN AIRWAYS	NULL	GSM
GSW	ND	171	SKY WINGS AIRLINES	INTAIR INC.	GSW
NULL	GT	0	PC AIRLINE	GB AIRWAYS	GT
GTV	KG	854	AEROGAVIOTA	KING ISLAND	GTV
GUG	GU	240	AVIATECA	AVIATECA	GU
GUG	GU	240	AVIATECA	AVIATECA	GUG
SWV	GV	0	GRANT AVIATION	AERO FLIGHT	GV
KIL	GW	113	KUBAN AIRLINES	AIR OF KUBAN	GW
GWI	4U	51	GERMANWINGS	GERMANWINGS	GWI
JXX	GX	591	PRIMERA AIR	NULL	GX
NULL	GZ	755	AIR RAROTONGA	AIR RAROTONG	GZ
GZP	4G	579	GAZPROMAVIA	NULL	GZP
NULL	H0	0	UNDEFINED	NULL	H0
NULL	H1	0	HAHN AIR SYSTEMS	NULL	H1
SKU	H2	605	SKY AIRLINE	SKY AIRLINE	H2
NULL	H3	458	HARBOUR AIR SEAPLANES	HARBOUR AIR	H3
NULL	H4	0	HELI SECURITE	NULL	H4
NULL	H5	0	HOLA AIRLINES	MAGADAN	H5
NULL	H6	0	HAGELAND AVIATION	NULL	H6
EGU	H7	0	EAGLE AIR	NULL	H7
NULL	H8	0	AURIC AIR CHARTERS	AURIC AIR	H8
NULL	H9	221	HELITT LINEAS AEREAS	PEGASUS	H9
HAL	HA	173	HAWAIIAN AIRLINES	HAWAIIAN AIR	HA
HAL	HA	173	HAWAIIAN AIRLINES	HAWAIIAN AIR	HAL
NULL	HB	0	HOMER AIR	NULL	HB
NULL	HC	0	HOLIDAYS CZECH AIRLINES	AERO TROPICS	HC
HCW	V9	0	STAR1 AIRLINES	NULL	HCW
ADO	HD	0	HOKKAIDO INTERNATIONAL	NULL	HD
HDA	KA	43	DRAGONAIR	HK DRAGON	HDA
NULL	HE	0	LGW LUFTFAHRTGES WALTER	NULL	HE
HEJ	HJ	681	HELLAS JET	HELLENIC STAR	HEJ
HER	UD	848	HEX AIR	HEX AIR	HER
NULL	HF	483	AIR COTE D IVOIRE	AIRCOTEIVOIRE	HF
NLY	HG	0	NIKI	NIKI	HG
TBM	HH	283	TABAN AIRLINES	NULL	HH
HHI	4R	0	HAMBURG INTERNATIONAL	HAMBURG INTL	HHI
HHN	HR	169	HAHN AIR	HAHN AIR	HHN
NULL	HI	563	PAPILLON AIRWAYS	PAPILLONAIR	HI
HEJ	HJ	681	HELLAS JET	HELLENIC STAR	HJ
NULL	HK	516	HAMBURG AIRWAYS	HAMBURG AIR	HK
HKE	UO	128	HONG KONG EXPRESS AIRWAYS	HK EXPRESS	HKE
NULL	HL	0	UNDEFINED	NULL	HL
SEY	HM	61	AIR SEYCHELLES	AIR SEYCHEL	HM
NULL	HN	0	PROTEUS HELICOPTERES	NULL	HN
DKH	HO	18	JUNEYAO AIRLINES	NULL	HO
HSN	HP	0	H.S. AVIATION	NULL	HP
NULL	HQ	583	THOMAS COOK AIRLINES BELGIUM	HARMONY AIR	HQ
HHN	HR	169	HAHN AIR	HAHN AIR	HR
HSV	HS	198	SVENSKA DIREKTFLYG AB	DIREKTFLYG	HS
HSN	HP	0	H.S. AVIATION	NULL	HSN
HSV	HS	198	SVENSKA DIREKTFLYG AB	DIREKTFLYG	HSV
IMP	HT	570	HELLENIC IMPERIAL AIRWAYS	AEROMIST KHAR	HT
HTA	9I	0	HELITRANS AS	NULL	HTA
CHH	HU	880	HAINAN AIRLINES	HAINAN AIR	HU
TRA	HV	979	TRANSAVIA AIRLINES	TRANSAVIA	HV
HVN	VN	738	VIETNAM AIRLINES	VIETNAM AIR	HVN
NULL	HW	0	NORTH WRIGHT AIR	NORTH-WRIGH	HW
CRK	HX	851	HONG KONG AIRLINES	HONGKONG AIR	HX
HXA	G5	987	CHINA EXPRESS AIRLINES	JSC AIR ENKOR	HXA
UZB	HY	250	UZBEKISTAN AIRWAYS	UZBEKISTAN	HY
SHU	HZ	598	SAT AIRLINES	SAT AIRLINES	HZ
NULL	I0	0	UNDEFINED	NULL	I0
NULL	I1	489	CTS VIAGGI	CTS VIAGGI	I1
NULL	I2	60	IBERIA EXPRESS	IB EXPRESS	I2
TBZ	I3	917	ATA AIRLINES	NULL	I3
NULL	I4	434	AIRLINK	NULL	I4
NULL	I5	261	SN AIR MALI	AIR MALI	I5
MPK	I6	315	AIR INDUS	NULL	I6
NULL	I7	456	PARAMOUNT AIRWAYS	PARAMOUNT AIR	I7
IZA	I8	0	IZHAVIA	ABORIGINALAIR	I8
NULL	I9	67	AIR ITALY	AIR ITALY	I9
IAW	IA	73	IRAQI AIRWAYS	IRAQI AIR	IA
IAE	IO	154	CLOSED JSC IRAERO	NULL	IAE
IAR	V8	0	ILIAMNA AIR	CONTACT AIR	IAR
IAW	IA	73	IRAQI AIRWAYS	IRAQI AIR	IAW
IBE	IB	75	IBERIA	IBERIA	IB
IBB	NT	474	BINTER CANARIAS	BINTER CAN	IBB
IBE	IB	75	IBERIA	IBERIA	IBE
NULL	IC	58	NACIL INDIAN AIRLINE	NULL	IC
ICE	FI	108	ICELANDAIR	ICELANDAIR	ICE
ITK	ID	431	INTERLINK AIRLINES	INTERLINK	ID
SOL	IE	193	SOLOMON AIRLINES	SOLOMON AIR	IE
NULL	IF	769	ISLAS AIRWAYS	ISLAS AIRWAYS	IF
ISS	IG	191	MERIDIANA FLY	MERIDIANA FLY	IG
IGA	TE	0	UNDEFINED	NULL	IGA
MZA	IH	0	JSC IRTYSH-AIR	FALCON AIR	IH
CSQ	II	175	IBC AIRWAYS INC	NULL	II
NULL	IJ	0	UNDEFINED	NULL	IJ
NULL	IK	0	KAYA AIRLINES L.D.A	IMAIR AIR	IK
IKA	GI	420	ITEK AIR	ITEK AIR	IKA
IKM	S9	759	STARBOW	STARBOW	IKM
NULL	IL	0	LANKAIR PRIVATE LIMITED	ISTANBUL AIR	IL
NULL	IM	0	MINT LINEAS AEREAS	INTENSIVE AIR	IM
IMP	HT	570	HELLENIC IMPERIAL AIRWAYS	AEROMIST KHAR	IMP
TLG	IN	0	INVEST AVIA	MACEDONIANAIR	IN
INL	D6	625	INTER AIR	INTER AIR	INL
IAE	IO	154	CLOSED JSC IRAERO	NULL	IO
IWD	IP	560	IBERWORLD AIRLINES	ATYRAUAUEJOLY	IP
AUB	IQ	614	AUGSBURG AIRWAYS	NULL	IQ
IRA	IR	96	IRAN AIR	IRAN AIR	IR
IRA	IR	96	IRAN AIR	IRAN AIR	IRA
IRC	EP	815	IRAN ASEMAN AIRLINES	NULL	IRC
IRG	NV	346	IRANIAN NAFT AIRLINE	NULL	IRG
IRK	Y9	780	KISH AIRLINES	TRANS AIR	IRK
IRM	W5	537	MAHAN AIRLINES	MAHAN AIR	IRM
IRQ	QB	237	FARAZ QESHM AIR	SKY GEORGIA	IRQ
IRS	DH	0	SAHAND ASIA AIRLINES	NULL	IRS
NULL	IS	0	AIS AIRLINES	ISLAND AIR	IS
ISK	3L	222	INTERSKY LUFTFAHRT	 INTERSKY	ISK
ISR	6H	818	ISRAIR AIRLINES	ISRAIR AIRLIN	ISR
ISS	IG	191	MERIDIANA FLY	MERIDIANA FLY	ISS
ISV	WC	506	ISLENA AIRLINES	ISLENA AIR	ISV
KFR	IT	90	KINGFISHER AIRLINES	KINGFISHER	IT
ITK	ID	431	INTERLINK AIRLINES	INTERLINK	ITK
ASN	IU	0	HEVI LIFT (PNG) PTY LTD	AIR STRAUBING	IU
JET	IV	0	WIND JET	WIND JET	IV
NULL	IW	513	PT WINGS ABADI AIRLINES	AIR LIB	IW
IWD	IP	560	IBERWORLD AIRLINES	ATYRAUAUEJOLY	IWD
NULL	IX	0	AIR INDIA CHARTERS	NULL	IX
IYE	IY	635	YEMEN AIRWAYS	YEMEN AIRWAYS	IY
IYE	IY	635	YEMEN AIRWAYS	YEMEN AIRWAYS	IYE
AIZ	IZ	238	ARKIA	ARKIA ISRAELI	IZ
IZA	I8	0	IZHAVIA	ABORIGINALAIR	IZA
IZG	ZV	0	ZAGROS AIRLINES	AIR MIDWEST	IZG
IZM	4I	597	IHY IZMIR HAVAYOLLARI	NULL	IZM
NULL	J0	402	JETLINK EXPRESS	JETLINK EXPRS	J0
NULL	J1	528	PRIMAIR	NULL	J1
AHY	J2	771	AZERBAIJAN AIRLINES	AZERBAIJAN AI	J2
PLR	J3	0	NORTHWESTERN AIR LEASE	NW AIR LEASE	J3
NULL	J4	0	BADR AIRLINES	JET FOR YOU	J4
NULL	J5	0	ALASKA SEAPLANE SERVICE	STOCK SOCHI	J5
NULL	J6	0	AIRWAYS INTERNATIONAL	NULL	J6
NULL	J7	0	DENIM AIR	CENTRE AVIA	J7
BVT	J8	801	BERJAYA AIR	BERJAYA AIR	J8
NULL	J9	486	JAZEERA AIRWAYS	NULL	J9
NULL	JA	995	B&H AIRLINES	B&H AIRLINES	JA
JAC	3X	0	JAPAN AIR COMMUTER	J.AIR COMMU	JAC
JAF	TB	0	JETAIRFLY	JETAIRFLY	JAF
JAI	9W	589	JET AIRWAYS	JET AIRWAYS	JAI
JAL	JL	131	JAPAN AIRLINES	J A L	JAL
JAT	JU	115	JAT AIRWAYS	J A T	JAT
JAV	R5	151	JORDAN AVIATION	MALTA AIR	JAV
JBA	JB	613	HELIJET INTERNATIONAL	HELIJET	JB
JBA	JB	613	HELIJET INTERNATIONAL	HELIJET	JBA
JBR	3B	0	JOB AIR	JOB AIR	JBR
JBU	B6	279	JETBLUE AIRWAYS	JETBLUE AIR	JBU
JBW	3J	535	JUBBA AIRWAYS (KENYA)	ZIP AIR	JBW
NULL	JC	688	JAL EXPRESS	NULL	JC
DER	JD	898	DEER JET	NULL	JD
NULL	JE	0	MANGO	NULL	JE
JET	IV	0	WIND JET	WIND JET	JET
NULL	JF	0	JET ASIA AIRWAYS	NULL	JF
NULL	JG	0	UNDEFINED	NULL	JG
FDA	JH	0	FUJI DREAM AIRLINES	NORDESTE	JH
NULL	JI	0	EASTERN CARIBBEAN AIRLINES	NULL	JI
TAM	JJ	957	TAM LINHAS AEREAS	TAM LINH. AER	JJ
JJA	7C	806	JEJU AIR	COL.PACIFIC	JJA
JKK	JK	680	SPANAIR	SPANAIR	JK
JKK	JK	680	SPANAIR	SPANAIR	JKK
JAL	JL	131	JAPAN AIRLINES	J A L	JL
AJM	JM	201	AIR JAMAICA	AIR JAMAICA	JM
NVL	JN	0	NEW LIVINGSTON	NULL	JN
JNA	LJ	718	JIN AIR	JIN AIR	JNA
NULL	JO	0	JALWAYS	JALWAYS	JO
ADR	JP	165	ADRIA AIRWAYS	ADRIA	JP
JST	JQ	41	JETSTAR	JETSTAR	JQ
NULL	JR	929	JOY AIR	AERO CALIFORN	JR
KOR	JS	120	AIR KORYO	KOR.AIR DPR	JS
JSA	3K	375	JETSTAR ASIA	JETSTAR ASIA	JSA
JST	JQ	41	JETSTAR	JETSTAR	JST
NULL	JT	990	LION AIRLINES	JARO INTL ARL	JT
JTA	NU	353	JAPAN TRANSOCEAN AIR	JAPAN TRANSOC	JTA
JAT	JU	115	JAT AIRWAYS	J A T	JU
BLS	JV	632	BEARSKIN AIRLINES	BEARSKIN AIR	JV
NULL	JW	0	AIR ASIA JAPAN	NULL	JW
NULL	JX	179	NICE HELICOPTERES	NICE HELICOPT	JX
JXX	GX	591	PRIMERA AIR	NULL	JXX
NULL	JY	653	AIR TURKS AND CAICOS	NULL	JY
SKX	JZ	752	SKYWAYS AB	SKYWAYS AB	JZ
JZA	QK	983	JAZZ AVIATION	JAZZ AIR	JZA
NULL	K0	0	UNDEFINED	NULL	K0
NULL	K1	0	UNDEFINED	NULL	K1
ELO	K2	78	EUROLOT	EUROLOT	K2
NULL	K3	0	TAQUAN AIR SERVICES	NULL	K3
NULL	K4	0	ALS LTD.	NULL	K4
NULL	K5	609	SEAPORT/WINGS OF ALASKA	WINGS ALASKA	K5
NULL	K6	188	CAMBODIA ANGKOR AIR	CAMBODIA AIR	K6
KBZ	K7	0	AIR KBZ	ARIZONA	K7
NULL	K8	241	ZAMBIA SKYWAYS	NULL	K8
NULL	K9	443	TONLESAP AIRLINES	NULL	K9
HDA	KA	43	DRAGONAIR	HK DRAGON	KA
KAC	KU	229	KUWAIT AIRWAYS	KUWAIT AIR	KAC
KAE	3Y	0	KARTIKA AIRLINES	KARTIKA AIR	KAE
KAL	KE	180	KOREAN AIR	KOREAN AIR	KAL
KAP	9K	306	CAPE AIR	CAPE AIR	KAP
DRK	KB	787	DRUK AIR	DRUK-AIR	KB
KBA	4K	0	KENN BOREK AIR	KENN BOREK	KBA
KBZ	K7	0	AIR KBZ	ARIZONA	KBZ
KZR	KC	465	AIR ASTANA	AIR ASTANA	KC
KNI	KD	0	PT KAL STAR AVIATION	KD AVIA	KD
KAL	KE	180	KOREAN AIR	KOREAN AIR	KE
KEN	M5	763	KENMORE AIR	KENMORE AIR	KEN
BLF	KF	142	BLUE1	BLUE 1	KF
KFR	IT	90	KINGFISHER AIRLINES	KINGFISHER	KFR
GTV	KG	854	AEROGAVIOTA	KING ISLAND	KG
KGA	R8	0	KYRGYZSTAN AIRLINES	KYRGYZSTAN	KGA
KHH	ZR	451	ALEXANDRIA AIRLINES	NULL	KHH
KHO	KO	354	AIRCOMPANY KHORS	AIR KHORS	KHO
NULL	KI	0	ADAM AIR	AIR CONTACT	KI
KIL	GW	113	KUBAN AIRLINES	AIR OF KUBAN	KIL
AAZ	KJ	666	ASIAN AIR	BMED	KJ
KKK	KK	610	ATLASJET AIRLINES	ATLASJET	KK
KKK	KK	610	ATLASJET AIRLINES	ATLASJET	KKK
KLM	KL	74	KLM ROYAL DUTCH AIRLINES	KLM	KL
KLC	WA	0	KLM CITYHOPPER	KLM CITYHOPP	KLC
KLM	KL	74	KLM ROYAL DUTCH AIRLINES	KLM	KLM
AMC	KM	643	AIR MALTA	AIR MALTA	KM
KMF	RQ	384	KAM AIR	KAM AIR	KMF
KMP	E2	837	KAMPUCHEA AIRLINES	RIO GRANDEAIR	KMP
KMZ	O5	174	COMORES AVIATION INTERNATIONAL	NULL	KMZ
CUA	KN	822	CHINA UNITED AIRLINES	NULL	KN
KNA	KY	833	KUNMING AIRLINES	NULL	KNA
KNE	XY	593	NATIONAL AIR SERVICES	NATIONAL AIR	KNE
KNI	KD	0	PT KAL STAR AVIATION	KD AVIA	KNI
KHO	KO	354	AIRCOMPANY KHORS	AIR KHORS	KO
KOR	JS	120	AIR KORYO	KOR.AIR DPR	KOR
NULL	KP	32	ASKY	ASKY	KP
KQA	KQ	706	KENYA AIRWAYS	KENYAAIRWAY	KQ
KQA	KQ	706	KENYA AIRWAYS	KENYAAIRWAY	KQA
EAA	KR	265	AIR BISHKEK AIRCOMPANY	AIR BISHKEK	KR
KRP	V3	21	CARPATAIR	VEG AIR SRL	KRP
KRT	0K	0	AIRCOMPANY KOKSHETAU	NULL	KRT
PEN	KS	339	PENAIR	PEN AIR	KS
NULL	KT	0	KATMAI AIR LLC	NULL	KT
KTC	6K	0	KYRGYZ TRANS AVIA	KORSAR	KTC
KAC	KU	229	KUWAIT AIRWAYS	KUWAIT AIR	KU
MVD	KV	0	KAVMINVODYAVIA AIRLINES	KAVMINVODYAV	KV
NULL	KW	100	WATANIYA AIRWAYS	NULL	KW
CAY	KX	378	CAYMAN AIRWAYS	CAYMAN AIR	KX
KNA	KY	833	KUNMING AIRLINES	NULL	KY
NULL	KZ	0	UNDEFINED	NULL	KZ
KZR	KC	465	AIR ASTANA	AIR ASTANA	KZR
NULL	L0	0	UNDEFINED	NULL	L0
NULL	L1	0	E-SAVTRAVEL	NULL	L1
NULL	L2	0	UNDEFINED	NULL	L2
NULL	L3	0	LYNX AVIATION	LTU BILLA LUF	L3
NULL	L4	445	LINEA TURISTICA AEREOTUY	**	L4
NULL	L5	0	LUFTTRANSPORT AS	NULL	L5
NULL	L6	495	MAURITANIAN AIRLINES INT	MAURITANIAN	L6
LHS	L7	0	LUGANSK AIRLINES	NULL	L7
NULL	L8	0	AFRIC AVIATION	AIR LUXOR GB	L8
BAL	L9	812	BELLE AIR EUROPE	NULL	L9
LAN	LA	45	LAN AIRLINES	LAN-CHILE	LA
LAA	LN	148	LIBYAN AIRLINES	LIBYAN AIR	LAA
LAL	WJ	927	AIR LABRADOR	LABRADORAIR	LAL
LAM	TM	68	LAM MOZAMBIQUE	LAM	LAM
LAN	LA	45	LAN AIRLINES	LAN-CHILE	LAN
LAO	QV	627	LAO AIRLINES	LAO AIRLINES	LAO
LAP	PZ	692	TAM MERCOSUR	LAPSA	LAP
LLB	LB	0	LLOYD AEREO BOLIVIANO	L A B	LB
LBC	LV	639	ALBANIAN AIRLINES	NULL	LBC
LBT	BJ	796	NOUVELAIR	NOUVELAIR	LBT
LBY	LZ	379	BELLE AIR COMPANY	NULL	LBY
NULL	LC	753	EQUATORIAL CONGO AIRLINE	CONGO AIRLINE	LC
LCO	UC	0	LAN CHILE CARGO	LADECO	LCO
NULL	LD	0	UNDEFINED	NULL	LD
LDA	NG	231	LAUDA AIR	LAUDA AIR	LDA
NULL	LE	0	UNDEFINED	NULL	LE
LER	QL	782	LINEA AEREA DE SERVICIO	NULL	LER
NULL	LF	971	LAO CENTRAL AIRLINES	LAO CENTRAL	LF
LFM	3I	0	AIRLIFT SERVICE	VIRGIN AUSTRA	LFM
LGL	LG	149	LUXAIR	LUXAIR	LG
LGL	LG	149	LUXAIR	LUXAIR	LGL
DLH	LH	220	LUFTHANSA	LUFTHANSA	LH
LHS	L7	0	LUGANSK AIRLINES	NULL	LHS
LIA	LI	140	LIAT	LIAT	LI
LIA	LI	140	LIAT	LIAT	LIA
LID	D4	0	ALIDAUNIA S.R.L.	NULL	LID
JNA	LJ	718	JIN AIR	JIN AIR	LJ
NULL	LK	256	CONTINENT	NULL	LK
NULL	LL	0	UNDEFINED	NULL	LL
LLB	LB	0	LLOYD AEREO BOLIVIANO	L A B	LLB
LLM	YC	664	YAMAL AIRLINES	YAMAL	LLM
NULL	LM	0	LIVINGSTON	LIVINGSTON	LM
LMU	UJ	0	ALMASRIA UNIVERSAL AIRLINES	NULL	LMU
LAA	LN	148	LIBYAN AIRLINES	LIBYAN AIR	LN
LNE	XL	462	LANECUADOR AEROLANE SA	LAN ECUADOR	LNE
LOT	LO	80	LOT POLISH AIRLINES	LOT	LO
LOC	ZQ	0	AIR AZUL	CARRIBEAN SUN	LOC
LOF	AX	414	AMERICAN CONNECTION	AA CONNECTION	LOF
LOT	LO	80	LOT POLISH AIRLINES	LOT	LOT
LPE	LP	544	LANPERU	LAN PERU	LP
LPE	LP	544	LANPERU	LAN PERU	LPE
LPV	A6	527	AIR ALPS AVIATION	ALPS AVIATION	LPV
NULL	LQ	0	SKYNET ASIA AIRWAYS	AIR GUINEA	LQ
LRC	LR	133	LACSA	L A C S A	LR
LRC	LR	133	LACSA	L A C S A	LRC
LRS	RZ	684	SANSA	PAN AM EXP	LRS
EXS	LS	949	JET2.COM	NULL	LS
LTU	LT	266	LTU INTL AIRWAYS	NULL	LT
LTC	6Y	0	SMARTLYNX AIRLINES	NULL	LTC
LTP	QJ	0	LATPASS AIRLINES	NULL	LTP
LTU	LT	266	LTU INTL AIRWAYS	NULL	LTU
NULL	LU	972	LAN EXPRESS	THERON AIR	LU
LBC	LV	639	ALBANIAN AIRLINES	NULL	LV
ANV	LW	568	PACIFIC WINGS	AIR NEVADA	LW
SWR	LX	724	SWISS INTERNATIONAL AIRLINES	SWISS	LX
ELY	LY	114	EL AL ISRAEL AIRLINES	EL AL	LY
LYN	QH	138	KYRGYZSTAN AIR COMPANY	KYRGYZSTAN	LYN
LBY	LZ	379	BELLE AIR COMPANY	NULL	LZ
LZB	FB	623	BULGARIA AIR	BALKAN AIR TO	LZB
NULL	M0	0	AERO MONGOLIA	NULL	M0
NULL	M1	0	UNDEFINED	NULL	M1
NULL	M2	0	MHS AVIATION	NULL	M2
NULL	M3	0	NORTH FLYING AS	NORTH FLYING	M3
SME	M4	0	SMART AVIATION	M4/NAYZAK AIR	M4
KEN	M5	763	KENMORE AIR	KENMORE AIR	M5
NULL	M6	0	UNDEFINED	NULL	M6
MSL	M7	293	MARSLAND AVIATION	MARSLAND	M7
NULL	M8	0	PT.TRANSNUSA AVIATION	NULL	M8
NULL	M9	11	MOTOR-SICH JSC	MOTOR SICH	M9
MAH	MA	182	MALEV HUNGARIAN AIRLINES	NULL	MA
MAH	MA	182	MALEV HUNGARIAN AIRLINES	NULL	MAH
MAS	MH	232	MALAYSIA AIRLINES	MALAYSIA	MAS
MAU	MK	239	AIR MAURITIUS	AIR MAURITI	MAU
MAZ	Q3	391	ZAMBIAN AIRWAYS	ZAMBIAN AIR	MAZ
MNB	MB	716	MNG AIRLINES CARGO	MNG AIR CARGO	MB
NULL	MC	0	AIR MOBILITY COMMAND	NULL	MC
MCM	YO	747	HELI AIR MONACO	HELIAIRMONA	MCM
MDG	MD	258	AIR MADAGASCAR	MADAGASCAR	MD
MDA	AE	803	MANDARIN AIRLINES	MANDARIN AIR	MDA
MDG	MD	258	AIR MADAGASCAR	MADAGASCAR	MDG
MDL	RI	488	MANDALA AIRLINES	PT MANDALA	MDL
MDV	2M	860	MOLDAVIAN AIRLINES	MOLDAVIAN AIR	MDV
MEA	ME	76	MIDDLE EAST AIRLINES	MIDDLE EAST	ME
MEA	ME	76	MIDDLE EAST AIRLINES	MIDDLE EAST	MEA
MEP	YX	453	REPUBLIC AIRLINE	REPUBLIC AIRL	MEP
MES	XJ	582	MESABA AIRLINES	MESABA AIR	MES
CXA	MF	731	XIAMEN AIRLINES	XIAMEN AIR	MF
CCP	MG	0	CHAMPION AIR	MGM GRAND	MG
MGL	OM	289	MIAT MONGOLIAN AIRLINES	MIAT	MGL
MGX	YM	409	MONTENEGRO AIRLINES	MONTENEGRO AL	MGX
MAS	MH	232	MALAYSIA AIRLINES	MALAYSIA	MH
MHK	6N	503	AL NASER AIRLINES	NULL	MHK
SLK	MI	629	SILKAIR	SILKAIR	MI
MLR	MJ	817	MIHIN LANKA	MIHIN LANKA	MJ
MAU	MK	239	AIR MAURITIUS	AIR MAURITI	MK
BIE	ML	853	AIR MEDITERRANEE	AIR MEDITERRA	ML
MLA	Q5	0	FORTY MILE AIR	FORTY MILES A	MLA
MLD	9U	572	AIR MOLDOVA	AIR MOLDOVA	MLD
MLR	MJ	817	MIHIN LANKA	MIHIN LANKA	MLR
APJ	MM	0	PEACH AVIATION	MEDELLIN	MM
MMZ	YU	551	EUROATLANTIC AIRWAYS	NULL	MMZ
CAW	MN	161	COMAIR LTD	COMAIR	MN
MNB	MB	716	MNG AIRLINES CARGO	MNG AIR CARGO	MNB
MNT	5M	0	MONTSERRAT AIRWAYS	SIBAVIATRANS	MNT
CAV	MO	622	CALM AIR INTERNATIONAL	CALM AIR INTL	MO
MOD	SG	775	SPICEJET	SEMPATI AIR	MOD
MON	ZB	974	MONARCH AIRLINES	NULL	MON
MOV	NN	823	VIM AIRLINES	VIM AIRLINES	MOV
MPH	MP	129	MARTINAIR	MARTINAIR	MP
MPH	MP	129	MARTINAIR	MARTINAIR	MPH
MPJ	AQ	0	MAP MANAGEMENT PLANNING	NULL	MPJ
MPK	I6	315	AIR INDUS	NULL	MPK
EGF	MQ	93	AMERICAN EAGLE	NULL	MQ
NULL	MR	861	MONGOLIAN AIRLINES	MONGOLIAN AIR	MR
MRS	CW	778	AIR MARSHALL ISLANDS	MARSHALL IS	MRS
MRW	6V	0	MARS RK	MARS RK	MRW
MSR	MS	77	EGYPTAIR	EGYPTAIR	MS
MSL	M7	293	MARSLAND AVIATION	MARSLAND	MSL
MSR	MS	77	EGYPTAIR	EGYPTAIR	MSR
TCX	MT	727	THOMAS COOK AIRLINES	NULL	MT
CES	MU	781	CHINA EASTERN AIRLINES	CHINA EAST	MU
NULL	MV	0	AVIASTAR MANDIRI	ARMENIAN INTL	MV
MVD	KV	0	KAVMINVODYAVIA AIRLINES	KAVMINVODYAV	MVD
NULL	MW	415	MOKULELE FLIGHT SERVICE	MOKULELE	MW
MXA	MX	132	MEXICANA	MEXICANA	MX
MXA	MX	132	MEXICANA	MEXICANA	MXA
MYD	MY	391	MAYA ISLAND AIR	MAXJET AIRWAY	MY
MYD	MY	391	MAYA ISLAND AIR	MAXJET AIRWAY	MYD
MYI	7M	10	MAYAIR	AEROMONTERR	MYI
NULL	MZ	532	SAEREO	MERPATI	MZ
MZA	IH	0	JSC IRTYSH-AIR	FALCON AIR	MZA
NULL	N0	0	UNDEFINED	NULL	N0
NULL	N1	0	UNDEFINED	NULL	N1
NULL	N2	394	DAGESTAN AIRLINES	NULL	N2
NULL	N3	877	AEROLINEAS MAS	OMSKAVIA	N3
NULL	N4	0	TRANS AIR BENIN	NULL	N4
NULL	N5	0	NORFOLK AIR	NULL	N5
NULL	N6	758	ALPINE AIR	AEROCONTINENT	N6
NHG	N7	0	NHT LINHAS AEREAS	LAGUN AIR	N7
NULL	N8	0	CR AIRWAYS LIMITED	NULL	N8
QNK	N9	0	KABO AIR	NORTHCOAST AV	N9
NAO	NA	455	NORTH AMERICAN AIRLINES	NORTH AMERICA	NA
NAO	NA	455	NORTH AMERICAN AIRLINES	NORTH AMERICA	NAO
NAX	DY	328	NORWEGIAN AIR SHUTTLE	NORWEGIAN AIR	NAX
NAY	ZN	595	NAYSA	AIR BOURBON	NAY
NULL	NB	373	STERLING AIR	NULL	NB
NBK	F4	0	ALBARKA AIR SERVICES LTD	EURECA SRL	NBK
NJS	NC	0	NATIONAL JET SYSTEMS	NATIONAL JET	NC
GSW	ND	171	SKY WINGS AIRLINES	INTAIR INC.	ND
NDR	CK	0	CHINA CARGO AIRLINES	ANDESMAR LIN	NDR
NMA	NE	0	NESMA AIRLINES	SKYEUROPE AIR	NE
NEA	EJ	0	NEW ENGLAND AIRLINES	NEW ENGLAN	NEA
AVN	NF	218	AIR VANUATU	AIR VANUATU	NF
LDA	NG	231	LAUDA AIR	LAUDA AIR	NG
NGA	WT	0	WASAYA AIRWAYS	NIGERIA AIR	NGA
NGK	OC	0	ORIENTAL AIR BRIDGE	OMNI AVIACAO	NGK
ANA	NH	205	ALL NIPPON AIRWAYS	ALL NIPPON	NH
NHG	N7	0	NHT LINHAS AEREAS	LAGUN AIR	NHG
PGA	NI	685	PORTUGALIA	PORTUGALIA	NI
NIA	NP	325	NILE AIR	NILE AIR	NIA
AOG	NJ	592	AERO VIP	NULL	NJ
NJS	NC	0	NATIONAL JET SYSTEMS	NATIONAL JET	NJS
NULL	NK	487	SPIRIT AIRLINES	SPIRIT AIRLIN	NK
SAI	NL	740	SHAHEEN AIR INTL	SHAHEEN AIR	NL
NLY	HG	0	NIKI	NIKI	NLY
NULL	NM	0	MANX2	NULL	NM
NMA	NE	0	NESMA AIRLINES	SKYEUROPE AIR	NMA
NMB	SW	186	AIR NAMIBIA	AIR NAMIBIA	NMB
MOV	NN	823	VIM AIRLINES	VIM AIRLINES	NN
NULL	NO	703	NEOS SPA	NULL	NO
NOV	O9	948	NOVA AIRLINES	NULL	NOV
NIA	NP	325	NILE AIR	NILE AIR	NP
NPL	XN	743	AIR NEPAL INTERNATIONAL	NULL	NPL
AJX	NQ	0	AIR JAPAN COMPANY LTD	NULL	NQ
NULL	NR	0	MAX AIR	NULL	NR
NULL	NS	836	HEBEI AIRLINES	CAUCASUS AIR	NS
NSE	9R	0	SATENA	NULL	NSE
IBB	NT	474	BINTER CANARIAS	BINTER CAN	NT
NTJ	2N	121	NEXTJET	NEXTJET	NTJ
JTA	NU	353	JAPAN TRANSOCEAN AIR	JAPAN TRANSOC	NU
IRG	NV	346	IRANIAN NAFT AIRLINE	NULL	NV
NVD	X9	0	AVION EXPRESS	CITY STAR AIR	NVD
NVL	JN	0	NEW LIVINGSTON	NULL	NVL
NWA	NW	12	NORTHWEST AIRLINES	NWEST AIRLI	NW
NWA	NW	12	NORTHWEST AIRLINES	NWEST AIRLI	NWA
AMU	NX	675	AIR MACAU	AIR MACAU	NX
NXA	7A	0	AIR NEXT	HAINES AIR	NXA
FXI	NY	882	AIR ICELAND	AIR ICELAND	NY
ANZ	NZ	86	AIR NEW ZEALAND	NEW ZEALAND	NZ
NULL	O0	0	UNDEFINED	NULL	O0
NULL	O1	0	UNDEFINED	NULL	O1
NULL	O2	0	UNDEFINED	JET AIR	O2
NULL	O3	0	UNDEFINED	NULL	O3
NULL	O4	916	ANTRAK AIR	NULL	O4
KMZ	O5	174	COMORES AVIATION INTERNATIONAL	NULL	O5
ONE	O6	247	OCEANAIR LINHAS AEREAS	NULL	O6
NULL	O8	0	AXIS INTERNATIONAL LINES	NULL	O8
NOV	O9	948	NOVA AIRLINES	NULL	O9
OAL	OA	50	OLYMPIC AIR	OLYMPIC AIR	OA
OAI	OD	0	TOR AIR	NULL	OAI
OAL	OA	50	OLYMPIC AIR	OLYMPIC AIR	OAL
OAS	WY	910	OMAN AIR	OMAN AIR	OAS
OAW	2L	102	HELVETIC AIRWAYS	2L/HELVETIC	OAW
NULL	OB	930	BOLIVIANA DE AVIACION	NULL	OB
NGK	OC	0	ORIENTAL AIR BRIDGE	OMNI AVIACAO	OC
OCA	R7	717	ASERCA	ASERCA	OCA
OAI	OD	0	TOR AIR	NULL	OD
ODS	5K	654	HI FLY TRANSPORTES AEREO	SAC ODESSA	ODS
NULL	OE	0	YEONGNAM AIR	NULL	OE
NULL	OF	442	AIR FINLAND	NULL	OF
NULL	OG	130	AIR ONIX	AIR ONIX	OG
COM	OH	886	COMAIR INC.	COMAIR	OH
OHY	8Q	66	ONUR AIR	NULL	OHY
NULL	OI	0	OKAPI AIRLINES	ITALIATOUR	OI
OLA	OJ	0	FLY JAMAICA AIRWAYS	OVERLAND AIR	OJ
CSA	OK	64	CZECH AIRLINES CSA	CZECH AIRLINE	OK
OKS	S0	503	SLOK AIR INTERNATIONAL	SLOK AIR	OKS
OLT	OL	704	OLT OSTFRIESISCHE LUFTTR	OLT	OL
OLA	OJ	0	FLY JAMAICA AIRWAYS	OVERLAND AIR	OLA
OLT	OL	704	OLT OSTFRIESISCHE LUFTTR	OLT	OLT
MGL	OM	289	MIAT MONGOLIAN AIRLINES	MIAT	OM
OMQ	3E	0	MULTI AERO	AIR BRETAGNE	OMQ
OMT	CC	0	CM AIRLINES	MACAIR AIRL	OMT
RON	ON	123	OUR AIRLINE	AIR NAURU	ON
ONE	O6	247	OCEANAIR LINHAS AEREAS	NULL	ONE
SKW	OO	302	SKYWEST AIRLINES	SKY WEST	OO
NULL	OP	0	OLYMPIC AIRLINES	OLYMPIC AIRLS	OP
NULL	OQ	878	CHONGQING AIRLINES	NULL	OQ
TFL	OR	178	ARKEFLY	TUI AIRLINES	OR
ORB	R2	291	ORENAIR	ORENAIR	ORB
AUA	OS	257	AUSTRIAN AIRLINES	AUSTRIANAIR	OS
PEL	OT	0	AEROPELICAN AIR SERVICES	AEROPELICAN	OT
OTL	YG	233	SOUTH AIRLINES	SOUTH AIRLINE	OTL
CTN	OU	831	CROATIA AIRLINES	CROATIA	OU
ELL	OV	960	ESTONIAN AIR	ESTONIAN AIR	OV
EXK	OW	92	EXECUTIVE AIRLINES	NULL	OW
NULL	OX	578	ORIENT THAI AIRLINES	NULL	OX
NULL	OY	650	ANDES LINEAS AEREAS	ANDES	OY
AAR	OZ	988	ASIANA AIRLINES	ASIANA	OZ
PFZ	P0	659	PROFLIGHT COMMUTER	PROFLIGHT	P0
NULL	P1	351	PUBLICCHARTERS.COM	PUBLICCHARTER	P1
XAK	P2	0	AIRKENYA EXPRESS	NULL	P2
PTB	P3	0	PASSAREDO	NULL	P3
NULL	P4	0	AEROLINEAS SOSA	SOSA	P4
RPB	P5	845	AERO REPUBLICA	AEROREPUBLICA	P5
PSC	P6	0	PASCAN AVIATION INC	NULL	P6
NULL	P7	389	PALAU AIRWAYS	EAST LINE AIR	P7
NULL	P8	819	AIR MEKONG	PANTANAL LINH	P8
NULL	P9	602	PERUVIAN AIR LINES	PERM AIRLINES	P9
FCL	PA	0	FLORIDA COASTAL AIRLINES	FLORIDA COAST	PA
PAL	PR	79	PHILIPPINE AIRLINES	PHILIPPINE	PAL
SPR	PB	967	PROVINCIAL AIRLINES	PROVINCIAL	PB
PBA	9Q	543	PB AIR	PB AIR	PBA
PBU	8Y	0	AIR BURUNDI	AIRBURUNDI	PBU
PGT	PC	624	PEGASUS AIRLINES	PEGASUS	PC
PCO	8P	905	PACIFIC COASTAL AIRLINES	PAC.COASTAL	PCO
PCP	5P	676	AEROLINEA PRINCIPAL CHILE	AEROLINEA PR	PCP
NULL	PD	451	PORTER AIRLINES	NULL	PD
PEV	PE	335	ALTENRHEIN LUFTFARHRT	PHOEBUS	PE
PEL	OT	0	AEROPELICAN AIR SERVICES	AEROPELICAN	PEL
PEN	KS	339	PENAIR	PEN AIR	PEN
PEV	PE	335	ALTENRHEIN LUFTFARHRT	PHOEBUS	PEV
PRI	PF	834	PRIMERA AIR SCANDINAVIA	PALESTIN AIR	PF
PFZ	P0	659	PROFLIGHT COMMUTER	PROFLIGHT	PFZ
BKP	PG	829	BANGKOK AIRWAYS	BANGKOK AIR	PG
PGA	NI	685	PORTUGALIA	PORTUGALIA	PGA
PGT	PC	624	PEGASUS AIRLINES	PEGASUS	PGT
NULL	PH	0	TRANSAVIA DENMARK	POLYNESIAN	PH
NULL	PI	500	SOL DEL PARAGUAY LINEAS AEREAS	SOL DEL PARAG	PI
PIA	PK	214	PAKISTAN INTERNATIONAL	P I A	PIA
PIC	BL	550	JETSTAR PACIFIC AIRLINES	PACIFIC AIR	PIC
PIR	PM	0	PAMIR AIR	TROPIC AIR	PIR
NULL	PJ	638	AIR SAINT PIERRE	AIR ST PIERRE	PJ
PJS	PP	0	JET AVIATION BUSINESS	JET AVIATION	PJS
PIA	PK	214	PAKISTAN INTERNATIONAL	P I A	PK
NULL	PL	0	SOUTHERN AIR CHARTER	NULL	PL
PLR	J3	0	NORTHWESTERN AIR LEASE	NW AIR LEASE	PLR
PLV	DP	0	PERLA AIRLINES	AIR 2000 LTD	PLV
PIR	PM	0	PAMIR AIR	TROPIC AIR	PM
NULL	PN	847	CHINA WEST AIR	PAN AM	PN
NULL	PO	0	UNDEFINED	NULL	PO
POT	YQ	342	POLET AIRLINES	POLET AIRLINE	POT
PJS	PP	0	JET AVIATION BUSINESS	JET AVIATION	PP
NULL	PQ	0	AIRASIA PHILIPPINES	PANAFRICAN	PQ
PAL	PR	79	PHILIPPINE AIRLINES	PHILIPPINE	PR
PRI	PF	834	PRIMERA AIR SCANDINAVIA	PALESTIN AIR	PRI
NULL	PS	566	UKRAINE INTL AIRLINES	UKRAINE INTL	PS
PSC	P6	0	PASCAN AVIATION INC	NULL	PSC
PST	7P	23	AIR PANAMA	APA INTL	PST
PSV	5S	0	SERVICIOS AEREOS PROFESIONALES	NULL	PSV
NULL	PT	0	UNDEFINED	WEST AIR SWED	PT
PTB	P3	0	PASSAREDO	NULL	PTB
PTN	GP	961	PANTANAL LINHAS AEREAS	NULL	PTN
PTR	9P	0	PETRA AIRLINES	NULL	PTR
PUA	PU	286	PLUNA	P L U N A	PU
PUA	PU	286	PLUNA	P L U N A	PUA
SBU	PV	0	SAINT BARTH COMMUTER	PAUKNAIR	PV
NULL	PW	31	PRECISION AIR	PRECISION AIR	PW
PWD	7Y	0	PAN AM WORLD AIRWAYS DOMINICANA	NULL	PWD
ANG	PX	656	AIR NIUGINI	AIR NIUGINI	PX
SLM	PY	192	SURINAM AIRWAYS	SURINAM AIR	PY
LAP	PZ	692	TAM MERCOSUR	LAPSA	PZ
NULL	Q0	0	QUEBECAIR EXPRESS	NULL	Q0
NULL	Q1	0	SQIVA SISTEM	NULL	Q1
NULL	Q2	986	ISLAND AVIATION SERVICES	NULL	Q2
MAZ	Q3	391	ZAMBIAN AIRWAYS	ZAMBIAN AIR	Q3
NULL	Q4	0	AVIATION STARLINK	SWAZI EXPRESS	Q4
MLA	Q5	0	FORTY MILE AIR	FORTY MILES A	Q5
SKP	Q6	0	SKYTRANS REGIONAL	MINERALNYE VO	Q6
SBM	Q7	0	SKYBAHAMAS AIRLINES	NULL	Q7
TSG	Q8	223	TRANS AIR CONGO	TRANS AIR	Q8
NULL	Q9	0	SKYJET	AFRINAT INTL	Q9
NULL	QA	0	CIMBER	CIMBER	QA
IRQ	QB	237	FARAZ QESHM AIR	SKY GEORGIA	QB
CRD	QC	40	CAMAIR-CO	CAMAIR-CO	QC
NULL	QD	0	UNDEFINED	NULL	QD
QFZ	QE	721	FARS QESHM AIRLINES	CROSSAIR EUR	QE
QFA	QF	81	QANTAS AIRWAYS	QANTAS	QF
QFA	QF	81	QANTAS AIRWAYS	QANTAS	QFA
QFZ	QE	721	FARS QESHM AIRLINES	CROSSAIR EUR	QFZ
NULL	QG	0	CITILINK INDONESIA	PRIMA AIR	QG
LYN	QH	138	KYRGYZSTAN AIR COMPANY	KYRGYZSTAN	QH
CIM	QI	647	CIMBER A/S	CIMBER AIR	QI
LTP	QJ	0	LATPASS AIRLINES	NULL	QJ
JZA	QK	983	JAZZ AVIATION	JAZZ AIR	QK
LER	QL	782	LINEA AEREA DE SERVICIO	NULL	QL
AML	QM	167	AIR MALAWI	NULL	QM
NULL	QN	907	AIR ARMENIA	NULL	QN
QNK	N9	0	KABO AIR	NORTHCOAST AV	QNK
NULL	QO	263	QUANTUM AIR	QUANTUM AIR	QO
NULL	QP	0	AIRKENYA AVIATION	AIRKENYA AVN	QP
FWQ	QQ	0	ALLIANCE AIRLINES	NULL	QQ
QTR	QR	157	QATAR AIRWAYS	QATAR AIRWAYS	QR
TVS	QS	797	SMARTWINGS	TRAVELSERVICE	QS
TPA	QT	0	TAMPA CARGO	REGIONAL	QT
QTR	QR	157	QATAR AIRWAYS	QATAR AIRWAYS	QTR
NULL	QU	761	AIRLINE UTAIR UKRAINE	UTAIR UKRAINE	QU
LAO	QV	627	LAO AIRLINES	LAO AIRLINES	QV
NULL	QW	0	BLUE WINGS	QW/BLUE WINGS	QW
QXE	QX	481	HORIZON AIR	HORIZON AIR	QX
QXE	QX	481	HORIZON AIR	HORIZON AIR	QXE
NULL	QY	0	EUROPEAN AIR TRANSPORT	EUROAIRTRAN	QY
AWQ	QZ	975	PT INDONESIA AIRASIA	PTINDAIRASIA	QZ
NULL	R0	333	M/S ROYAL AIRLINES	NULL	R0
NULL	R1	0	UNDEFINED	NULL	R1
ORB	R2	291	ORENAIR	ORENAIR	R2
SYL	R3	849	JSC AIRCOMPANY YAKUTIA	YAKUTIA AIR	R3
RLB	R4	827	RELIABLE UNIQUE SERVICES	STC RUSSIA	R4
JAV	R5	151	JORDAN AVIATION	MALTA AIR	R5
DNU	R6	0	DOT LT	DOT LT	R6
OCA	R7	717	ASERCA	ASERCA	R7
KGA	R8	0	KYRGYZSTAN AIRLINES	KYRGYZSTAN	R8
TSD	R9	418	TAF LINHAS AEREAS	AIR CHARTER	R9
RNA	RA	285	NEPAL AIRLINES	NEPAL AIR	RA
RAM	AT	147	ROYAL AIR MAROC	R.AIR MAROC	RAM
SYR	RB	70	SYRIAN ARAB AIRLINES	SYRIAN AIR	RB
RBA	BI	672	ROYAL BRUNEI	ROYALBRUNEI	RBA
RBG	E5	844	AIR ARABIA EGYPT	SAMARA AIRL	RBG
RBY	V2	0	VISION AIRLINES	KARAT JSC	RBY
FLI	RC	767	ATLANTIC AIRWAYS	ATL.AIRWAYS	RC
NULL	RD	0	REDJET	RYAN	RD
REA	RE	743	AER ARANN	AER ARANN	RE
REA	RE	743	AER ARANN	AER ARANN	REA
REU	UU	760	AIR AUSTRAL	AIR AUSTRAL	REU
NULL	RF	0	ORD AIR CHARTER PTY LTD	ORD AIR CHART	RF
RFJ	RL	372	ROYAL FALCON	ROYAL FALCON	RFJ
RFR	RR	0	ROYAL AIR FORCE	R.A.F NO1	RFR
RJD	RG	482	ROTANA JET	ROTANA JET	RG
RGL	FN	259	REGIONAL AIR LINES	REGIONAL AIR	RGL
NULL	RH	0	ROBIN HOOD AVIATION	NULL	RH
MDL	RI	488	MANDALA AIRLINES	PT MANDALA	RI
RJA	RJ	512	ROYAL JORDANIAN	RYLJORDANIA	RJ
RJA	RJ	512	ROYAL JORDANIAN	RYLJORDANIA	RJA
RJD	RG	482	ROTANA JET	ROTANA JET	RJD
NULL	RK	0	REGION AIRLINE	NULL	RK
RFJ	RL	372	ROYAL FALCON	ROYAL FALCON	RL
RLA	A5	163	AIRLINAIR	AIRLINAIR	RLA
RLB	R4	827	RELIABLE UNIQUE SERVICES	STC RUSSIA	RLB
RLE	C7	0	RLA RICO LINHAS AREAS	NULL	RLE
RLU	7R	362	RUSLINE	RUSLINE	RLU
NULL	RM	0	RUTACA	NULL	RM
NULL	RN	0	SUM AIR SERVICES	EURALAIR	RN
RNA	RA	285	NEPAL AIRLINES	NEPAL AIR	RNA
RNE	2O	0	REDEMPTION	NULL	RNE
RNX	T6	0	ONETIME AIRLINE	TAVREY AIRCO	RNX
ROT	RO	281	TAROM	TAROM	RO
ROI	9V	742	AVIOR	AVIOR	ROI
RON	ON	123	OUR AIRLINE	AIR NAURU	RON
ROT	RO	281	TAROM	TAROM	ROT
CHQ	RP	363	CHAUTAUQUA AIRLINES	NULL	RP
RPB	P5	845	AERO REPUBLICA	AEROREPUBLICA	RPB
KMF	RQ	384	KAM AIR	KAM AIR	RQ
RFR	RR	0	ROYAL AIR FORCE	R.A.F NO1	RR
NULL	RS	0	SKY REGIONAL AIRLINES	NULL	RS
RSH	S2	705	JET LITE	JET LITE	RSH
RSI	YI	0	AIR SUNSHINE	AIRSUNSHINE	RSI
NULL	RT	785	RAK AIRWAYS	RAK AIRWAYS	RT
SKI	RU	25	TCI SKYKING LTD	TCI SKYKING	RU
RUS	C9	251	CIRRUS AIRLINES	NULL	RUS
CPN	RV	879	CASPIAN AIRLINES	NULL	RV
NULL	RW	0	UNDEFINED	NULL	RW
RWD	WB	459	RWANDAIR EXPRESS	RWANDAIR	RWD
RWZ	WZ	309	RED WINGS AIRLINES	NULL	RWZ
NULL	RX	652	HG AVIATION	NULL	RX
NULL	RY	561	ROYAL WINGS	EUROPEAN EXEC	RY
RYR	FR	0	RYANAIR	RYANAIR LTD.	RYR
LRS	RZ	684	SANSA	PAN AM EXP	RZ
RZO	S4	331	SATA INTERNATIONAL	SATA INTL	RZO
OKS	S0	503	SLOK AIR INTERNATIONAL	SLOK AIR	S0
NULL	S1	0	LUFTHANSA SYSTEMS	NULL	S1
RSH	S2	705	JET LITE	JET LITE	S2
BBR	S3	249	SANTA BARBARA AIRLINES	SANTA BARBARA	S3
RZO	S4	331	SATA INTERNATIONAL	SATA INTL	S4
NULL	S5	0	SHUTTLE AMERICA	NULL	S5
SNR	S6	0	SUN AIR	NULL	S6
SBI	S7	421	SIBERIA AIRLINES	S7 AIRLINES	S7
NULL	S8	0	UNDEFINED	NULL	S8
IKM	S9	759	STARBOW	STARBOW	S9
SAA	SA	83	SOUTH AFRICAN AIRWAYS	S A A	SA
SAA	SA	83	SOUTH AFRICAN AIRWAYS	S A A	SAA
SAH	W7	271	SAYAKHAT AIRLINES	SAYAKHAT AIR	SAH
SAI	NL	740	SHAHEEN AIR INTL	SHAHEEN AIR	SAI
SAS	SK	117	SCANDINAVIAN AIRLINES	SAS	SAS
SAT	SP	737	SATA AIR ACORES	SATA	SAT
SAW	6Q	386	CHAM WINGS AIRLINES	SLOVAK ARLNS	SAW
SAY	CB	969	SCOTAIRWAYS	SCOTAIRWAYS	SAY
ACI	SB	63	AIRCALIN	CAL.INT	SB
SBI	S7	421	SIBERIA AIRLINES	S7 AIRLINES	SBI
SBM	Q7	0	SKYBAHAMAS AIRLINES	NULL	SBM
SBU	PV	0	SAINT BARTH COMMUTER	PAUKNAIR	SBU
CDG	SC	324	SHANDONG AIRLINES	SHANDONG AIRL	SC
SCW	TF	276	MALMO AVIATION	MALMO	SCW
SCX	SY	337	SUN COUNTRY	SUN COUNTRY	SCX
SUD	SD	200	SUDAN AIRWAYS	SUDAN AIR	SD
SDM	FV	195	ROSSIYA AIRLINES	ROSSIYA	SDM
SDR	CF	419	CITY AIRLINE	CITY AIR	SDR
XLF	SE	473	XL AIRWAYS FRANCE	STAR AIRLINES	SE
SEY	HM	61	AIR SEYCHELLES	AIR SEYCHEL	SEY
NULL	SF	515	TASSILI AIRLINES	NULL	SF
SFR	FA	0	SAFAIR	NULL	SFR
SFW	4Q	741	SAFI AIRWAYS	SAFI AIRWAYS	SFW
MOD	SG	775	SPICEJET	SEMPATI AIR	SG
SGB	F3	0	SKYKING	FLY 1ST CLASS	SGB
NULL	SH	0	SHARP AVIATION	FLY ME	SH
SHE	GQ	0	SKY EXPRESS	SKY EXPRESS	SHE
SHU	HZ	598	SAT AIRLINES	SAT AIRLINES	SHU
SHY	ZY	438	SKY AIRLINES	NULL	SHY
BCI	SI	821	BLUE ISLANDS	BLUE ISLANDS	SI
SIA	SQ	618	SINGAPORE AIRLINES	SINGAPORE	SIA
SIT	XS	950	SITA	NULL	SIT
SJY	SJ	977	PT SRIWIJAYA AIR	NULL	SJ
SJY	SJ	977	PT SRIWIJAYA AIR	NULL	SJY
SAS	SK	117	SCANDINAVIAN AIRLINES	SAS	SK
SKI	RU	25	TCI SKYKING LTD	TCI SKYKING	SKI
SKP	Q6	0	SKYTRANS REGIONAL	MINERALNYE VO	SKP
SKT	XT	893	SKYSTAR AIRWAYS	AIR EXEL NL	SKT
SKU	H2	605	SKY AIRLINE	SKY AIRLINE	SKU
SKW	OO	302	SKYWEST AIRLINES	SKY WEST	SKW
SKX	JZ	752	SKYWAYS AB	SKYWAYS AB	SKX
SKY	BC	0	SKYMARK AIRLINES	NULL	SKY
NULL	SL	0	SOLENTA AVIATION	RIO SUL	SL
SLC	SO	340	SALSA D HAITI	NULL	SLC
SLI	5D	642	AEROLITORAL	NULL	SLI
SLK	MI	629	SILKAIR	SILKAIR	SLK
SLM	PY	192	SURINAM AIRWAYS	SURINAM AIR	SLM
NULL	SM	381	AIR CAIRO	NULL	SM
SME	M4	0	SMART AVIATION	M4/NAYZAK AIR	SME
SMK	E8	0	CITY AIRWAYS	ALPI EAGLES	SMK
SMX	XM	0	C.A.I. FIRST S.P.A.	CAI FIRST SPA	SMX
DAT	SN	82	BRUSSELS AIRLINES	BRUSSELS AIR	SN
SNR	S6	0	SUN AIR	NULL	SNR
SLC	SO	340	SALSA D HAITI	NULL	SO
SOL	IE	193	SOLOMON AIRLINES	SOLOMON AIR	SOL
SAT	SP	737	SATA AIR ACORES	SATA	SP
SPR	PB	967	PROVINCIAL AIRLINES	PROVINCIAL	SPR
SIA	SQ	618	SINGAPORE AIRLINES	SINGAPORE	SQ
NULL	SR	0	UNDEFINED	NULL	SR
SRH	FT	84	SIEM REAP AIRWAYS INTL	NULL	SRH
SRK	SX	772	SKYWORK AIRLINES	SKYWORK AIR	SRK
SRU	2I	156	STAR PERU	NULL	SRU
CRL	SS	923	CORSAIR	CORSE AIR	SS
GMI	ST	246	GERMANIA	GERMANIA	ST
STB	4S	0	STAR AIRWAYS	AEROHONDURAS	STB
STP	8F	470	STP AIRWAYS	STP AIRWAYS	STP
AFL	SU	555	AEROFLOT	AEROFLOT	SU
SUD	SD	200	SUDAN AIRWAYS	SUDAN AIR	SUD
SUS	EZ	0	SUN AIR OF SCANDINAVIA	NULL	SUS
SVA	SV	65	SAUDI ARABIAN AIRLINES	SAUDIARABI	SV
SVA	SV	65	SAUDI ARABIAN AIRLINES	SAUDIARABI	SVA
SVK	GM	0	AIR SLOVAKIA	AIR SLOVAKIA	SVK
SVR	U6	262	URAL AIRLINES	URAL AIRLINES	SVR
NMB	SW	186	AIR NAMIBIA	AIR NAMIBIA	SW
SWA	WN	526	SOUTHWEST AIRLINES TEXAS	SW AIRLINES	SWA
SWG	WG	292	SUNWING AIRLINES INC.	SUNWING AIRL	SWG
SWR	LX	724	SWISS INTERNATIONAL AIRLINES	SWISS	SWR
SWV	GV	0	GRANT AVIATION	AERO FLIGHT	SWV
SRK	SX	772	SKYWORK AIRLINES	SKYWORK AIR	SX
SXS	XQ	564	SUN EXPRESS	SUN EXPRESS	SXS
SCX	SY	337	SUN COUNTRY	SUN COUNTRY	SY
SYL	R3	849	JSC AIRCOMPANY YAKUTIA	YAKUTIA AIR	SYL
SYR	RB	70	SYRIAN ARAB AIRLINES	SYRIAN AIR	SYR
WOW	SZ	429	AIR SOUTHWEST	NULL	SZ
NULL	T0	530	TACA PERU	TRANSAMERICAN	T0
NULL	T1	0	TIK SYSTEMS	NULL	T1
NULL	T2	0	NAKINA AIR SERVICE	TABA AEREOS	T2
NULL	T3	467	EASTERN AIRWAYS	EASTERN AIR	T3
NULL	T4	661	TRIP	TRIP	T4
TUA	T5	542	TURKMENISTAN AIRLINES	TURKMENISTAN	T5
RNX	T6	0	ONETIME AIRLINE	TAVREY AIRCO	T6
NULL	T7	294	TWIN JET	TWIN JET	T7
NULL	T8	0	UNDEFINED	NULL	T8
NULL	T9	0	THAI STAR AIRLINES	VARMLANDSFLYG	T9
TAI	TA	202	TACA INTERNATIONAL AIRLINES	TACA	TA
TAE	EQ	269	TAME LINEA AEREA DEL ECUADOR	TAME	TAE
TAI	TA	202	TACA INTERNATIONAL AIRLINES	TACA	TAI
TAM	JJ	957	TAM LINHAS AEREAS	TAM LINH. AER	TAM
TAN	B4	698	ZANAIR	ZANAIR	TAN
TAO	VW	942	AEROMAR	AEROMAR	TAO
TAP	TP	47	TAP PORTUGAL	TAP PORTUGAL	TAP
TAR	TU	199	TUNISAIR	TUNIS AIR	TAR
TAY	3V	756	TNT AIRWAYS	VIKING AIR	TAY
JAF	TB	0	JETAIRFLY	JETAIRFLY	TB
TBM	HH	283	TABAN AIRLINES	NULL	TBM
TBZ	I3	917	ATA AIRLINES	NULL	TBZ
ATC	TC	197	AIR TANZANIA	NULL	TC
TCV	VR	696	TACV CABO VERDE AIRLINES	T A C V	TCV
TCX	MT	727	THOMAS COOK AIRLINES	NULL	TCX
NULL	TD	432	ATLANTIS EUROPEAN AIRWAYS	ATLANTIS	TD
TDM	TQ	38	TANDEM AERO	NULL	TDM
IGA	TE	0	UNDEFINED	NULL	TE
SCW	TF	276	MALMO AVIATION	MALMO	TF
TFL	OR	178	ARKEFLY	TUI AIRLINES	TFL
THA	TG	217	THAI AIRWAYS INTERNATIONAL	THAI	TG
TGW	TR	388	TIGER AIRWAYS	NULL	TGW
NULL	TH	0	UNDEFINED	NULL	TH
THA	TG	217	THAI AIRWAYS INTERNATIONAL	THAI	THA
THT	TN	244	AIR TAHITI NUI	AIR TAHITI	THT
THY	TK	235	TURKISH AIRLINES	TURKISH	THY
NULL	TI	0	AIR CONTINENTAL AFRICA	BALTIC INT.	TI
GPD	TJ	0	TRADEWIND AVIATION	NULL	TJ
TJK	7J	502	TAJIK AIR	TAJIK AIR	TJK
THY	TK	235	TURKISH AIRLINES	TURKISH	TK
ANO	TL	935	AIRNORTH	AIRNORTH	TL
TLG	IN	0	INVEST AVIA	MACEDONIANAIR	TLG
LAM	TM	68	LAM MOZAMBIQUE	LAM	TM
THT	TN	244	AIR TAHITI NUI	AIR TAHITI	TN
TNA	GE	170	TRANSASIA AIRWAYS	TRANSASIA	TNA
TNR	4E	0	TANANA AIR SERVICE	TANANA AIR	TNR
NULL	TO	0	TRANSAVIA FRANCE	PRESIDENT AIR	TO
TOM	BY	754	THOMSON AIRWAYS LTD	BRITANNIA	TOM
TAP	TP	47	TAP PORTUGAL	TAP PORTUGAL	TP
TPA	QT	0	TAMPA CARGO	REGIONAL	TPA
TPC	TY	190	AIR CALEDONIE	AIRCALEDONI	TPC
TDM	TQ	38	TANDEM AERO	NULL	TQ
TGW	TR	388	TIGER AIRWAYS	NULL	TR
TRA	HV	979	TRANSAVIA AIRLINES	TRANSAVIA	TRA
TRQ	3T	0	TARCO AIR	TURAN AIR	TRQ
TSC	TS	649	AIR TRANSAT	AIR TRANSAT	TS
TSC	TS	649	AIR TRANSAT	AIR TRANSAT	TSC
TSD	R9	418	TAF LINHAS AEREAS	AIR CHARTER	TSD
TSG	Q8	223	TRANS AIR CONGO	TRANS AIR	TSG
TSO	UN	670	TRANSAERO AIRLINES	TRANSAERO	TSO
NULL	TT	0	TIGER AIRWAYS AUSTRALIA	AIR LITHUANIA	TT
TTA	2Z	0	TTA	NULL	TTA
TTF	1F	788	INFINI TRAVEL INFORMATIO	INFINI TRAVEL	TTF
TAR	TU	199	TUNISAIR	TUNIS AIR	TU
TUA	T5	542	TURKMENISTAN AIRLINES	TURKMENISTAN	TUA
TUI	X3	617	TUIFLY	TUIFLY	TUI
NULL	TV	88	TIBET AIRLINES	NULL	TV
TVP	3Z	0	TRAVEL SERVICE POLSKA	NULL	TVP
TVQ	6D	0	TRAVEL SERVICE	ALASKA ISL	TVQ
TVS	QS	797	SMARTWINGS	TRAVELSERVICE	TVS
NULL	TW	722	TWAY AIR	NULL	TW
FWI	TX	427	AIR CARAIBES	AIR CARAIBES	TX
TPC	TY	190	AIR CALEDONIE	AIRCALEDONI	TY
TYA	Y7	476	JSC AIRLINE TAIMYR	SILVERJET	TYA
TYR	VO	734	TYROLEAN AIRWAYS	TYROLEANAIR	TYR
NULL	TZ	668	SCOOT	NULL	TZ
NULL	U0	0	UNDEFINED	NULL	U0
NULL	U1	0	VIDECOM INTERNATIONAL	NULL	U1
EZY	U2	0	EASYJET	EASYJET	U2
AIA	U3	0	AVIES	NULL	U3
NULL	U4	0	BUDDHA AIR	PMT AIR	U4
NULL	U5	0	USA 3000	USA 3000	U5
SVR	U6	262	URAL AIRLINES	URAL AIRLINES	U6
NULL	U7	926	AIR UGANDA	NORCANAIR	U7
NULL	U8	669	ARMAVIA	ARMAVIA	U8
NULL	U9	966	TATARSTAN AIR	TATARSTAN AIR	U9
UAL	UA	16	UNITED AIRLINES	UNITED	UA
UAE	EK	176	EMIRATES	EMIRATES	UAE
UAL	UA	16	UNITED AIRLINES	UNITED	UAL
UBA	UB	209	UNITED MYANMAR AIR	UTD MYANMAR	UB
UBA	UB	209	UNITED MYANMAR AIR	UTD MYANMAR	UBA
LCO	UC	0	LAN CHILE CARGO	LADECO	UC
UCA	C5	841	CHAMPLAIN ENTERPRISES	NULL	UCA
UCR	DW	187	AERO-CHARTER	HELICOPTER SH	UCR
HER	UD	848	HEX AIR	HEX AIR	UD
UDC	7D	897	DONBASSAERO AIRLINES	DONBASSAERO	UDC
UDN	Z6	181	DNIPROAVIA	DNIEPROAVIA	UDN
NULL	UE	770	NASAIR	UAIR	UE
UKM	UF	828	UM AIR	UM AIR	UF
NULL	UG	150	TUNISAIR EXPRESS	TUNINTER	UG
NULL	UH	116	US HELICOPTER CORP	US HELICOPTER	UH
ECA	UI	475	EUROCYPRIA AIRLINES	NULL	UI
UIA	B7	525	UNI AIRWAYS	UNI AIRWAYS	UIA
LMU	UJ	0	ALMASRIA UNIVERSAL AIRLINES	NULL	UJ
NULL	UK	0	UNDEFINED	NULL	UK
UKM	UF	828	UM AIR	UM AIR	UKM
ALK	UL	603	SRILANKAN AIRLINES	SRILANKAN AIR	UL
AZW	UM	168	AIR ZIMBABWE	NULL	UM
TSO	UN	670	TRANSAERO AIRLINES	TRANSAERO	UN
HKE	UO	128	HONG KONG EXPRESS AIRWAYS	HK EXPRESS	UO
BHS	UP	111	BAHAMASAIR	BAHAMASAIR	UP
NULL	UQ	0	BUSINESS AVIATION CENTRE	O'CONNOR	UQ
UTX	UR	0	UTAIR EXPRESS	NULL	UR
URG	3N	746	AIR URGA	AIRVANTAGE	URG
USA	US	37	US AIRWAYS	US AIRWAYS	US
USA	US	37	US AIRWAYS	US AIRWAYS	USA
UTA	UT	298	UTAIR AVIATION JSC	UTAIR	UT
UTA	UT	298	UTAIR AVIATION JSC	UTAIR	UTA
UTX	UR	0	UTAIR EXPRESS	NULL	UTX
REU	UU	760	AIR AUSTRAL	AIR AUSTRAL	UU
NULL	UV	662	HELICOPTEROS DEL SURESTE	HELISURESTE	UV
UVG	UW	751	UNIVERSAL AIRLINES	UNIVERSAL AIR	UVG
UVG	UW	751	UNIVERSAL AIRLINES	UNIVERSAL AIR	UW
AEA	UX	996	AIR EUROPA	AIR EUROPA	UX
UYC	UY	604	CAMEROON AIRLINES	CAMEROONAIR	UY
UYC	UY	604	CAMEROON AIRLINES	CAMEROONAIR	UYC
BRQ	UZ	928	BURAQ AIR	BURAQ AIR	UZ
UZB	HY	250	UZBEKISTAN AIRWAYS	UZBEKISTAN	UZB
VCV	V0	308	CONVIASA	CONVIASA	V0
NULL	V1	0	IBS SOFTWARE SERVICES AMERICAS	NULL	V1
RBY	V2	0	VISION AIRLINES	KARAT JSC	V2
KRP	V3	21	CARPATAIR	VEG AIR SRL	V3
NULL	V4	0	VALAIR	NULL	V4
VPA	V5	0	VIP WINGS	ROYAL ARUBAN	V5
VUE	V6	522	VUELOS INTERNOS PRIVADOS	NULL	V6
SNG	V7	712	VOLOTEA	VOLOTEA	V7
IAR	V8	0	ILIAMNA AIR	CONTACT AIR	V8
HCW	V9	0	STAR1 AIRLINES	NULL	V9
VAU	VA	795	VIRGIN AUSTRALIA INTL	V AUSTRALIA	VA
VAU	VA	795	VIRGIN AUSTRALIA INTL	V AUSTRALIA	VAU
VIV	VB	0	AEROENLACES NACIONALES	NULL	VB
VBW	2J	226	AIR BURKINA	AIR BURKINA	VBW
NULL	VC	471	STRATEGIC AIRLINES	NULL	VC
VCV	V0	308	CONVIASA	CONVIASA	VCV
NULL	VD	981	HENNAN AIRLINES	NULL	VD
VLE	VE	0	C.A.I. SECOND S.P.A.	C.A.I SECOND	VE
VLU	VF	896	VALUAIR	VALUAIR	VF
NULL	VG	0	VLM	NULL	VG
VGN	VK	786	AIR NIGERIA	NULL	VGN
NULL	VH	152	AEROPOSTAL	AEROPOSTAL	VH
NULL	VI	412	VOLGA DNEPR AIRLINE	NULL	VI
VID	WR	0	JSC AVIAPRAD	JSC AVIAPRAD	VID
VIR	VS	932	VIRGIN ATLANTIC	VIRGIN ATL	VIR
VIV	VB	0	AEROENLACES NACIONALES	NULL	VIV
VJC	VJ	0	VIETJET AVIATION	NULL	VJ
VJC	VJ	0	VIETJET AVIATION	NULL	VJC
VGN	VK	786	AIR NIGERIA	NULL	VK
VKG	DK	630	THOMAS COOK AIRLINES A/S	EASTLAND AIR	VKG
VKH	VQ	904	VIKING HELLAS AIRLINES	NULL	VKH
NULL	VL	0	MED VIEW AIRLINES	VANCOUVER AIR	VL
VLE	VE	0	C.A.I. SECOND S.P.A.	C.A.I SECOND	VLE
VLG	VY	30	VUELING AIRLINES	VUELING	VLG
VLK	XF	277	VLADIVOSTOK AIR	VLADIVOSTOK	VLK
VLU	VF	896	VALUAIR	VALUAIR	VLU
NULL	VM	194	MACAIR JET S.A.	VIAGGIO AIR	VM
HVN	VN	738	VIETNAM AIRLINES	VIETNAM AIR	VN
VNA	4W	0	WARBELOWS AIR VENTURES	WARBELOW	VNA
TYR	VO	734	TYROLEAN AIRWAYS	TYROLEANAIR	VO
VOE	V7	712	VOLOTEA	VOLOTEA	VOE
VOI	Y4	36	VOLARIS	EAGLE AVIATN	VOI
VOS	6P	478	GRYPHON AIRLINE	CLUBAIR	VOS
VOZ	DJ	856	VIRGIN AUSTRALIA AIRLINE	VIRGIN AUSTRA	VOZ
VQI	VP	0	VILLA AIR	NULL	VP
VPA	V5	0	VIP WINGS	ROYAL ARUBAN	VPA
VKH	VQ	904	VIKING HELLAS AIRLINES	NULL	VQ
VQI	VP	0	VILLA AIR	NULL	VQI
TCV	VR	696	TACV CABO VERDE AIRLINES	T A C V	VR
VRD	VX	984	VIRGIN AMERICA	VIRGIN USA	VRD
VRR	2R	830	VIA RAIL CANADA INC	VIA RAIL	VRR
VIR	VS	932	VIRGIN ATLANTIC	VIRGIN ATL	VS
VTA	VT	135	AIR TAHITI	AIR TAHITI	VT
VTA	VT	135	AIR TAHITI	AIR TAHITI	VTA
NULL	VU	943	AIR IVOIRE	NULL	VU
VUE	V6	522	VUELOS INTERNOS PRIVADOS	NULL	VUE
AEW	VV	870	AEROSVIT AIRLINES	AEROSWEET	VV
TAO	VW	942	AEROMAR	AEROMAR	VW
VRD	VX	984	VIRGIN AMERICA	VIRGIN USA	VX
VLG	VY	30	VUELING AIRLINES	VUELING	VY
NULL	VZ	0	VELVET SKY AVIATION	NULL	VZ
NULL	W0	0	UNDEFINED	NULL	W0
NULL	W1	0	WORLD TICKET LTD	NULL	W1
FXT	W2	365	FLEXFLIGHT	FLEXFLIGHT	W2
ARA	W3	725	ARIK AIR	ARIK AIR	W3
NULL	W4	107	LC BUSRE	NULL	W4
IRM	W5	537	MAHAN AIRLINES	MAHAN AIR	W5
WZZ	W6	0	WIZZ AIR HUNGARY	NULL	W6
SAH	W7	271	SAYAKHAT AIRLINES	SAYAKHAT AIR	W7
WND	W8	0	CARIBBEAN WINDS AIRLINES	LA COSTENA	W8
NULL	W9	17	AIR BAGAN	AIR BAGAN	W9
KLC	WA	0	KLM CITYHOPPER	KLM CITYHOPP	WA
WAI	WV	0	AIR GRECO	SWE FLY	WAI
WAU	WU	0	WIZZ AIR UKRAINE LLC	NULL	WAU
RWD	WB	459	RWANDAIR EXPRESS	RWANDAIR	WB
ISV	WC	506	ISLENA AIRLINES	ISLENA AIR	WC
AAN	WD	562	AMSTERDAM AIRLINES BV	DAS AIR	WD
NULL	WE	0	RHEINTALFLUG	RHEINTALFLG	WE
WIF	WF	701	WIDEROE	WIDEROE	WF
SWG	WG	292	SUNWING AIRLINES INC.	SUNWING AIRL	WG
NULL	WH	0	WEST AFRICAN AIRLINES	CHINA NW	WH
NULL	WI	97	WHITE AIRWAYS S.A.	NULL	WI
WIA	WM	295	WINDWARD ISLAND AIRWAYS	WINDWARD ISL	WIA
WIF	WF	701	WIDEROE	WIDEROE	WIF
LAL	WJ	927	AIR LABRADOR	LABRADORAIR	WJ
WJA	WS	838	WESTJET	WESTJET	WJA
EDW	WK	0	EDELWEISS AIR	EDELWEISS AIR	WK
NULL	WL	54	AEROPERLAS	AEROPERLAS	WL
WIA	WM	295	WINDWARD ISLAND AIRWAYS	WINDWARD ISL	WM
SWA	WN	526	SOUTHWEST AIRLINES TEXAS	SW AIRLINES	WN
WND	W8	0	CARIBBEAN WINDS AIRLINES	LA COSTENA	WND
WOA	WO	468	WORLD AIRWAYS	NULL	WO
WOA	WO	468	WORLD AIRWAYS	NULL	WOA
WOW	SZ	429	AIR SOUTHWEST	NULL	WOW
NULL	WP	347	ISLAND AIR	ISLAND AIR	WP
NULL	WQ	0	ROMAVIA	NULL	WQ
VID	WR	0	JSC AVIAPRAD	JSC AVIAPRAD	WR
WRC	7W	461	WIND ROSE AVIATION	WIND ROSE	WRC
WJA	WS	838	WESTJET	WESTJET	WS
WSP	1P	523	WORLDSPAN	WORLDSPAN	WSP
NGA	WT	0	WASAYA AIRWAYS	NIGERIA AIR	WT
WAU	WU	0	WIZZ AIR UKRAINE LLC	NULL	WU
WAI	WV	0	AIR GRECO	SWE FLY	WV
WVL	8Z	0	WIZZ AIR BULGARIA AIRLINES	ALASA ISLAND	WVL
BMI	WW	0	BMIBABY	NULL	WW
BCY	WX	689	CITYJET	CITYJET	WX
OAS	WY	910	OMAN AIR	OMAN AIR	WY
RWZ	WZ	309	RED WINGS AIRLINES	NULL	WZ
WZZ	W6	0	WIZZ AIR HUNGARY	NULL	WZZ
NULL	X0	0	UNDEFINED	NULL	X0
NULL	X1	0	UNDEFINED	NULL	X1
NULL	X2	0	CHINA XINHUA AIRLINES	CHINA XINHUA	X2
TUI	X3	617	TUIFLY	TUIFLY	X3
NULL	X4	0	AIR EXCURSIONS	NULL	X4
NULL	X5	0	ULD LOGISTICS LLC	NULL	X5
ATA	X6	889	AIRLINES REPORTING CORP.	ARC	X6
NULL	X7	0	EXEC AIR	AIR SERVICE	X7
DAP	X8	545	ICARO	AEROVIAS DAP	X8
NVD	X9	0	AVION EXPRESS	CITY STAR AIR	X9
NULL	XA	0	UNDEFINED	NULL	XA
XAK	P2	0	AIRKENYA EXPRESS	NULL	XAK
XAX	D7	843	AIRASIAX SDN BHD	AIRASIAX	XAX
NULL	XB	0	IATA	NULL	XB
CAI	XC	0	CORENDON AIRLINES	K D AIR	XC
NULL	XD	0	ARC	NULL	XD
BTA	XE	477	EXPRESSJET AIRLINES INC	NULL	XE
VLK	XF	277	VLADIVOSTOK AIR	VLADIVOSTOK	XF
NULL	XG	0	SUNEXPRESS GERMANY	NULL	XG
NULL	XH	0	NON IATA CODESHARE CARRIER	NULL	XH
NULL	XI	0	UNDEFINED	NULL	XI
MES	XJ	582	MESABA AIRLINES	MESABA AIR	XJ
CCM	XK	146	AIR CORSICA	AIR CORSICA	XK
LNE	XL	462	LANECUADOR AEROLANE SA	LAN ECUADOR	XL
XLF	SE	473	XL AIRWAYS FRANCE	STAR AIRLINES	XLF
SMX	XM	0	C.A.I. FIRST S.P.A.	CAI FIRST SPA	XM
NPL	XN	743	AIR NEPAL INTERNATIONAL	NULL	XN
CXJ	XO	0	LTE INTERNATIONAL AIRWAY	XINJIANG	XO
CXP	XP	0	XTRA AIRWAYS	XTRA AIRWAYS	XP
SXS	XQ	564	SUN EXPRESS	SUN EXPRESS	XQ
NULL	XR	608	SKYWEST AIRLINES	SKYWEST	XR
SIT	XS	950	SITA	NULL	XS
SKT	XT	893	SKYSTAR AIRWAYS	AIR EXEL NL	XT
NULL	XU	0	AFRICAN EXPRESS AIRWAYS	LINK AIRWAYS	XU
BVI	XV	0	BVI AIRWAYS	NULL	XV
NULL	XW	492	UNDEFINED	UNDEFINED	XW
NULL	XX	0	UNDEFINED	NULL	XX
KNE	XY	593	NATIONAL AIR SERVICES	NATIONAL AIR	XY
XYA	2X	799	AMADEUS TWO	AMADEUS TWO	XYA
XYB	6X	172	AMADEUS SIX	AMADEUS SIX	XYB
XYC	7X	791	AMADEUS SEVEN	AMADEUS SEVEN	XYC
XYD	8X	798	AMADEUS EIGHT	AMADEUS EIGHT	XYD
XYS	0E	0	AMADEUS PDF 0E	NULL	XYS
XYW	7S	792	AMADEUS PDF 7S	AMADEUS 7S	XYW
XYX	9S	793	AMADEUS PDF 9S	AMADEUS 9S	XYX
EXY	XZ	0	SOUTH AFRICAN EXPRESS	EASTAIR	XZ
NULL	Y0	0	YELLOW AIRTAXI	YELLOW AIR	Y0
NULL	Y1	392	TRAVEL TECHNOLOGY INTERACTIVE	NULL	Y1
GSM	Y2	0	GLOBESPAN AIRWAYS	NULL	Y2
NULL	Y3	0	WORLDWIDE CARGO SERVICES	NULL	Y3
VOI	Y4	36	VOLARIS	EAGLE AVIATN	Y4
NULL	Y5	0	PACE AIRLINES	NULL	Y5
NULL	Y6	0	BATAVIA AIR	NULL	Y6
TYA	Y7	476	JSC AIRLINE TAIMYR	SILVERJET	Y7
NULL	Y8	0	YANGTZE RIVER EXPRESS	YANGTZE RIVER	Y8
IRK	Y9	780	KISH AIRLINES	TRANS AIR	Y9
NULL	YA	0	NEGO AIRLINE ONE	NULL	YA
NULL	YB	0	UNDEFINED	NULL	YB
LLM	YC	664	YAMAL AIRLINES	YAMAL	YC
NULL	YD	0	MAURITANIA AIRWAYS	NULL	YD
NULL	YE	0	ERAM AIRLINES	NULL	YE
NULL	YF	0	UNDEFINED	NULL	YF
OTL	YG	233	SOUTH AIRLINES	SOUTH AIRLINE	YG
AYG	YH	0	YANGON AIRWAYS	YANGON	YH
RSI	YI	0	AIR SUNSHINE	AIRSUNSHINE	YI
NULL	YJ	0	ASIAN WINGS AIRWAYS	NULL	YJ
NULL	YK	511	AVIA TRAFFIC COMPANY	KIBRIS	YK
NULL	YL	0	CRYSTAL THAI AIRLINES	NULL	YL
MGX	YM	409	MONTENEGRO AIRLINES	MONTENEGRO AL	YM
CRQ	YN	219	AIR CREEBEC	AIR CREEBEC	YN
MCM	YO	747	HELI AIR MONACO	HELIAIRMONA	YO
NULL	YP	0	PERIMETER AVIATION	NULL	YP
POT	YQ	342	POLET AIRLINES	POLET AIRLINE	YQ
EGJ	YR	398	SCENIC AIRLINES	NULL	YR
NULL	YS	977	REGIONAL	REGIONAL CAE	YS
NULL	YT	0	YETI AIRLINES	NULL	YT
MMZ	YU	551	EUROATLANTIC AIRWAYS	NULL	YU
ASH	YV	533	MESA AIRLINES	MESAAIRLINE	YV
ANS	YW	694	AIR NOSTRUM	AIR NOSTRUM	YW
MEP	YX	453	REPUBLIC AIRLINE	REPUBLIC AIRL	YX
NULL	YZ	0	FLYWELL AIRLINES	NULL	YZ
NULL	Z0	0	UNDEFINED	NULL	Z0
NULL	Z1	0	UNDEFINED	NULL	Z1
NULL	Z2	457	ZESTAIR	ZEST AIRWAYS	Z2
NULL	Z3	0	PM AIR LLC	NULL	Z3
NULL	Z4	0	PUMA AIR LINHAS AEREAS	NULL	Z4
NULL	Z5	9	GMG AIRLINES	GMG AIRLINES	Z5
UDN	Z6	181	DNIPROAVIA	DNIEPROAVIA	Z6
FZW	Z7	0	FRESHAIR	EASEON AIR	Z7
NULL	Z8	464	AMASZONAS	NULL	Z8
BEK	Z9	183	JSC BEK AIR	JSC BEK AIR	Z9
NULL	ZA	0	SKYWINGS ASIA AIRLINES	NULL	ZA
MON	ZB	974	MONARCH AIRLINES	NULL	ZB
NULL	ZC	557	KORONGO AIRLINES	KORONGO AIR	ZC
NULL	ZD	338	DOLPHIN AIR	FLYING DANDY	ZD
ESR	ZE	839	EASTAR JET	LINEAS AEREAS	ZE
NULL	ZF	0	ATHENS AIRWAYS	ATHENS AIRWAY	ZF
GOZ	ZG	24	GROZNYY AVIA	NULL	ZG
CSZ	ZH	479	SHENZHEN AIRLINES	SHENZHEN AIRL	ZH
AAF	ZI	439	AIGLE AZUR	AIGLE AZUR	ZI
ZMA	ZJ	707	ZAMBEZI AIRLINES	NULL	ZJ
GLA	ZK	846	GREAT LAKES AVIATION	GREAT LAKES	ZK
NULL	ZL	899	REGIONAL EXPRESS	REGIONAL EXP	ZL
NULL	ZM	0	UNDEFINED	NULL	ZM
ZMA	ZJ	707	ZAMBEZI AIRLINES	NULL	ZMA
NAY	ZN	595	NAYSA	AIR BOURBON	ZN
NULL	ZO	0	CENTRAL AIR TRANSPORT SERVICES	NULL	ZO
NULL	ZP	0	UNDEFINED	NULL	ZP
LOC	ZQ	0	AIR AZUL	CARRIBEAN SUN	ZQ
KHH	ZR	451	ALEXANDRIA AIRLINES	NULL	ZR
NULL	ZS	15	SOL AVIATION	NULL	ZS
NULL	ZT	0	TITAN AIRWAYS	NULL	ZT
NULL	ZU	894	AIR BASHKORTOSTAN	NULL	ZU
IZG	ZV	0	ZAGROS AIRLINES	AIR MIDWEST	ZV
AWI	ZW	303	AIR WISCONSIN	AIRWISCONSI	ZW
GGN	ZX	0	AIR ALLIANCE	NULL	ZX
SHY	ZY	438	SKY AIRLINES	NULL	ZY
NULL	ZZ	0	AIRLINE SERVICE	NULL	ZZ
